DATETIME,price
2014-12-31 23:00:00,0.0013950916808208372
2015-01-02 23:00:00,0.001377097683853162
2015-01-05 23:00:00,0.001367777697125873
2015-01-06 23:00:00,0.001370706522394965
2015-01-07 23:00:00,0.0013771504954289693
2015-01-08 23:00:00,0.0013810681009634787
2015-01-09 23:00:00,0.0013768336774557589
2015-01-12 23:00:00,0.0013723324070906528
2015-01-13 23:00:00,0.001364521410062651
2015-01-14 23:00:00,0.0013479763621918064
2015-01-15 23:00:00,0.0013475435407667266
2015-01-16 23:00:00,0.0013432535204901106
2015-01-20 23:00:00,0.0013410792786804956
2015-01-21 23:00:00,0.0013434054338500065
2015-01-22 23:00:00,0.0013520103180767436
2015-01-23 23:00:00,0.0013508593310190171
2015-01-26 23:00:00,0.0013558846593146128
2015-01-27 23:00:00,0.001356682376640412
2015-01-28 23:00:00,0.0013580222666626975
2015-01-29 23:00:00,0.0013453068013374349
2015-01-30 23:00:00,0.0013483584585207446
2015-02-02 23:00:00,0.0013561036089510855
2015-02-03 23:00:00,0.0013693780320033224
2015-02-04 23:00:00,0.0013645574648487595
2015-02-05 23:00:00,0.0013725654261635724
2015-02-06 23:00:00,0.0013638495274375141
2015-02-09 23:00:00,0.0013728976465222453
2015-02-10 23:00:00,0.0013680304111612755
2015-02-11 23:00:00,0.0013598413749582221
2015-02-12 23:00:00,0.001378875563706192
2015-02-13 23:00:00,0.0013887214508922366
2015-02-17 23:00:00,0.0013831359620960456
2015-02-18 23:00:00,0.0013872108518738456
2015-02-19 23:00:00,0.0013884347406055194
2015-02-20 23:00:00,0.0013976602634072734
2015-02-23 23:00:00,0.0013799321001815635
2015-02-24 23:00:00,0.0013885129242212828
2015-02-25 23:00:00,0.0013926151290095654
2015-02-26 23:00:00,0.001388043936090483
2015-02-27 23:00:00,0.001393112988754804
2015-03-02 23:00:00,0.0013937930480461913
2015-03-03 23:00:00,0.0013919634208840945
2015-03-04 23:00:00,0.0013903724030094127
2015-03-05 23:00:00,0.0013809947195542061
2015-03-06 23:00:00,0.001366270596671431
2015-03-09 23:00:00,0.0013660177940517234
2015-03-10 23:00:00,0.0013467657969635342
2015-03-11 23:00:00,0.0013401825386404524
2015-03-12 23:00:00,0.0013511193629389992
2015-03-13 23:00:00,0.0013368628448645892
2015-03-16 23:00:00,0.0013359864599628256
2015-03-17 23:00:00,0.0013343823079741495
2015-03-18 23:00:00,0.0013407698334952885
2015-03-19 23:00:00,0.00133693592139434
2015-03-20 23:00:00,0.0013581455043969212
2015-03-23 23:00:00,0.0013748373056115778
2015-03-24 23:00:00,0.0013824382804953602
2015-03-25 23:00:00,0.0013861622469903865
2015-03-26 23:00:00,0.001381509979080495
2015-03-27 23:00:00,0.0013807372138065436
2015-03-30 23:00:00,0.0013714708256856608
2015-03-31 23:00:00,0.0013713944795488199
2015-04-01 23:00:00,0.0013907298009507422
2015-04-02 23:00:00,0.0013964193999720664
2015-04-03 23:00:00,0.0013964193999720664
2015-04-06 23:00:00,0.0014059738505040435
2015-04-07 23:00:00,0.0014108067989520427
2015-04-08 23:00:00,0.0014069328243825582
2015-04-09 23:00:00,0.0013938187238948495
2015-04-10 23:00:00,0.0013870802260389948
2015-04-13 23:00:00,0.0013932419279691596
2015-04-14 23:00:00,0.00140071956702427
2015-04-15 23:00:00,0.001402175692713202
2015-04-16 23:00:00,0.0014108603616302662
2015-04-17 23:00:00,0.0014037937210630586
2015-04-20 23:00:00,0.001394894759218324
2015-04-21 23:00:00,0.0013950786154874773
2015-04-22 23:00:00,0.0013897636655622913
2015-04-23 23:00:00,0.0014004550967344162
2015-04-24 23:00:00,0.0014051223745598991
2015-04-27 23:00:00,0.0014132743164941247
2015-04-28 23:00:00,0.0014231648752055302
2015-04-29 23:00:00,0.0014150760009356991
2015-04-30 23:00:00,0.0014222682098107176
2015-05-01 23:00:00,0.0014202980143037413
2015-05-04 23:00:00,0.0014139407821153966
2015-05-05 23:00:00,0.0014271073240574065
2015-05-06 23:00:00,0.0014209364754290638
2015-05-07 23:00:00,0.001429604892754846
2015-05-08 23:00:00,0.0014414162399933453
2015-05-11 23:00:00,0.0014253929812383613
2015-05-12 23:00:00,0.0014441492894273244
2015-05-13 23:00:00,0.0014481558221315874
2015-05-14 23:00:00,0.0014710520384611698
2015-05-15 23:00:00,0.0014636489261724967
2015-05-18 23:00:00,0.0014542298456113364
2015-05-19 23:00:00,0.0014448065675722235
2015-05-20 23:00:00,0.0014443957075503018
2015-05-21 23:00:00,0.00144423142064697
2015-05-22 23:00:00,0.0014331899521089404
2015-05-26 23:00:00,0.0014183856259078898
2015-05-27 23:00:00,0.001415393265953659
2015-05-28 23:00:00,0.001409651351029752
2015-05-29 23:00:00,0.0014091528297841395
2015-06-01 23:00:00,0.001393173747252642
2015-06-02 23:00:00,0.0013971900613218775
2015-06-03 23:00:00,0.001383913864480515
2015-06-04 23:00:00,0.0013834095750546694
2015-06-05 23:00:00,0.0013633990069858526
2015-06-08 23:00:00,0.0013781338072232881
2015-06-09 23:00:00,0.00139266356103026
2015-06-10 23:00:00,0.0013772078981351902
2015-06-11 23:00:00,0.0013800139801826345
2015-06-12 23:00:00,0.0013766578711034245
2015-06-15 23:00:00,0.0013707319447569845
2015-06-16 23:00:00,0.0013666249662673856
2015-06-17 23:00:00,0.0013699137878860962
2015-06-18 23:00:00,0.0013830819586291374
2015-06-19 23:00:00,0.0013759334197702634
2015-06-22 23:00:00,0.0013780586931250475
2015-06-23 23:00:00,0.0013720477355634458
2015-06-24 23:00:00,0.001374237307246599
2015-06-25 23:00:00,0.00138061657953456
2015-06-26 23:00:00,0.0013696164870055732
2015-06-29 23:00:00,0.0013611413564351244
2015-06-30 23:00:00,0.0013716006167434677
2015-07-01 23:00:00,0.001372669251406434
2015-07-02 23:00:00,0.0013824025604148096
2015-07-06 23:00:00,0.0013682343064793864
2015-07-07 23:00:00,0.001347937775410217
2015-07-08 23:00:00,0.0013420054818647851
2015-07-09 23:00:00,0.0013525889801743176
2015-07-10 23:00:00,0.0013534419958629073
2015-07-13 23:00:00,0.001362288202638651
2015-07-14 23:00:00,0.001366544544199817
2015-07-15 23:00:00,0.0013679202154761743
2015-07-16 23:00:00,0.0013681376495734432
2015-07-17 23:00:00,0.0013601328972601672
2015-07-20 23:00:00,0.0013512639438762971
2015-07-21 23:00:00,0.0013485735868228323
2015-07-22 23:00:00,0.0013416552051079438
2015-07-23 23:00:00,0.0013350303212413446
2015-07-24 23:00:00,0.0013267895012408985
2015-07-27 23:00:00,0.001314774555584259
2015-07-28 23:00:00,0.0013139638341436186
2015-07-29 23:00:00,0.0013138513031995779
2015-07-30 23:00:00,0.0013011988710145061
2015-07-31 23:00:00,0.0013013759040061087
2015-08-03 23:00:00,0.0012888840532064864
2015-08-04 23:00:00,0.0012837625332261693
2015-08-05 23:00:00,0.0012853230481496465
2015-08-06 23:00:00,0.0012916417487932805
2015-08-07 23:00:00,0.001294691553360722
2015-08-10 23:00:00,0.0013061153929319696
2015-08-11 23:00:00,0.0012874661577289214
2015-08-12 23:00:00,0.0012827382542639307
2015-08-13 23:00:00,0.0012786342525143413
2015-08-14 23:00:00,0.001281651530021392
2015-08-17 23:00:00,0.001269133420042131
2015-08-18 23:00:00,0.001262093940436186
2015-08-19 23:00:00,0.0012601483744226088
2015-08-20 23:00:00,0.001273162923082883
2015-08-21 23:00:00,0.0012541790956771225
2015-08-24 23:00:00,0.0012406159766967266
2015-08-25 23:00:00,0.0012404349942815372
2015-08-26 23:00:00,0.001238627707517819
2015-08-27 23:00:00,0.0012627159746826445
2015-08-28 23:00:00,0.0012671687937783945
2015-08-31 23:00:00,0.00127148123868869
2015-09-01 23:00:00,0.0012735561807901696
2015-09-02 23:00:00,0.0012771599923102205
2015-09-03 23:00:00,0.0012792932393976848
2015-09-04 23:00:00,0.0012729745942520036
2015-09-08 23:00:00,0.001276805062395166
2015-09-09 23:00:00,0.0012778076665994305
2015-09-10 23:00:00,0.0012920982494898216
2015-09-11 23:00:00,0.0012841477776744145
2015-09-14 23:00:00,0.0012832416536403134
2015-09-15 23:00:00,0.0012924607342193898
2015-09-16 23:00:00,0.0013088300751718876
2015-09-17 23:00:00,0.0013060003736869465
2015-09-18 23:00:00,0.0013030949318897545
2015-09-21 23:00:00,0.0012904586576962904
2015-09-22 23:00:00,0.0012651483211600068
2015-09-23 23:00:00,0.0012523858983547373
2015-09-24 23:00:00,0.0012642452344929654
2015-09-25 23:00:00,0.0012568176739720552
2015-09-28 23:00:00,0.0012463795379163381
2015-09-29 23:00:00,0.001253031743010686
2015-09-30 23:00:00,0.0012511362435235107
2015-10-01 23:00:00,0.0012502538206246678
2015-10-02 23:00:00,0.0012664104387845045
2015-10-05 23:00:00,0.0012779962448256981
2015-10-06 23:00:00,0.0012836011946085364
2015-10-07 23:00:00,0.001286031903218816
2015-10-08 23:00:00,0.0012903105208078801
2015-10-09 23:00:00,0.0012910911325331141
2015-10-12 23:00:00,0.0012952902348099533
2015-10-13 23:00:00,0.0012787638483795461
2015-10-14 23:00:00,0.0012844822020247532
2015-10-15 23:00:00,0.0012992281308802176
2015-10-16 23:00:00,0.0012994694609519348
2015-10-19 23:00:00,0.0012876064758371325
2015-10-20 23:00:00,0.0012712928556311324
2015-10-21 23:00:00,0.0012599582877534266
2015-10-22 23:00:00,0.001266137825630198
2015-10-23 23:00:00,0.0012740219157508492
2015-10-26 23:00:00,0.001271884340036944
2015-10-27 23:00:00,0.0012717786825087885
2015-10-28 23:00:00,0.0012692264452303515
2015-10-29 23:00:00,0.0012694159725013029
2015-10-30 23:00:00,0.0012667251200061769
2015-11-02 23:00:00,0.0012654760202295235
2015-11-03 23:00:00,0.001272477955330709
2015-11-04 23:00:00,0.001264374445574904
2015-11-05 23:00:00,0.0012599849233297185
2015-11-06 23:00:00,0.0012531233460581126
2015-11-09 23:00:00,0.0012447289136963936
2015-11-10 23:00:00,0.0012493915784834231
2015-11-11 23:00:00,0.0012511224876588256
2015-11-12 23:00:00,0.001246792936359566
2015-11-13 23:00:00,0.0012376517510183545
2015-11-16 23:00:00,0.0012250810054672532
2015-11-17 23:00:00,0.0012270292030662686
2015-11-18 23:00:00,0.0012207709780861881
2015-11-19 23:00:00,0.0012282520463152641
2015-11-20 23:00:00,0.0012274628714639489
2015-11-23 23:00:00,0.0012199121509985796
2015-11-24 23:00:00,0.001228548215622001
2015-11-25 23:00:00,0.0012243346478331859
2015-11-27 23:00:00,0.0012256707970971635
2015-11-30 23:00:00,0.001226497339626772
2015-12-01 23:00:00,0.001241597876115887
2015-12-02 23:00:00,0.0012402518223819
2015-12-03 23:00:00,0.0012455705343236009
2015-12-04 23:00:00,0.0012467241388407358
2015-12-07 23:00:00,0.0012365084096023105
2015-12-08 23:00:00,0.0012295944629034676
2015-12-09 23:00:00,0.0012405730357419186
2015-12-10 23:00:00,0.0012387080176040097
2015-12-11 23:00:00,0.0012306826790892073
2015-12-14 23:00:00,0.001226556392456027
2015-12-15 23:00:00,0.001229120132225163
2015-12-16 23:00:00,0.0012384076678872518
2015-12-17 23:00:00,0.0012359496007146307
2015-12-18 23:00:00,0.0012517447962155782
2015-12-21 23:00:00,0.0012649616636249991
2015-12-22 23:00:00,0.0012562465571263198
2015-12-23 23:00:00,0.001253255864063374
2015-12-24 23:00:00,0.0012510719709344495
2015-12-28 23:00:00,0.0012362688659448597
2015-12-29 23:00:00,0.0012347735562695593
2015-12-30 23:00:00,0.0012372675007200464
2015-12-31 23:00:00,0.001231653600577159
2016-01-04 23:00:00,0.0012158517969350893
2016-01-05 23:00:00,0.0012224267539230047
2016-01-06 23:00:00,0.0012193066204171721
2016-01-07 23:00:00,0.0012066965750190033
2016-01-08 23:00:00,0.0011951011174868953
2016-01-11 23:00:00,0.0011883892929417813
2016-01-12 23:00:00,0.00119139118422092
2016-01-13 23:00:00,0.001198793463278183
2016-01-14 23:00:00,0.0012038364390628145
2016-01-15 23:00:00,0.0011893946679343516
2016-01-19 23:00:00,0.0011990390673562628
2016-01-20 23:00:00,0.0011964740070540651
2016-01-21 23:00:00,0.0012020501120750876
2016-01-22 23:00:00,0.0012212160471572302
2016-01-25 23:00:00,0.0012082842865802107
2016-01-26 23:00:00,0.0012164910050571048
2016-01-27 23:00:00,0.0012227981972192832
2016-01-28 23:00:00,0.0012309014777161732
2016-01-29 23:00:00,0.0012294588635333374
2016-02-01 23:00:00,0.0012346154237804561
2016-02-02 23:00:00,0.0012278588583009304
2016-02-03 23:00:00,0.001248427007134112
2016-02-04 23:00:00,0.0012644194633058216
2016-02-05 23:00:00,0.0012449037459612911
2016-02-08 23:00:00,0.0012307101986414207
2016-02-09 23:00:00,0.001229830119933377
2016-02-10 23:00:00,0.0012319441719807849
2016-02-11 23:00:00,0.0012323755963024993
2016-02-12 23:00:00,0.0012489288959071886
2016-02-16 23:00:00,0.0012401274465284125
2016-02-17 23:00:00,0.0012575360719076234
2016-02-18 23:00:00,0.0012520485612480072
2016-02-19 23:00:00,0.0012607958848587294
2016-02-22 23:00:00,0.0012751304366944189
2016-02-23 23:00:00,0.0012686805899292976
2016-02-24 23:00:00,0.0012746930941031293
2016-02-25 23:00:00,0.0012804622587331805
2016-02-26 23:00:00,0.001272759472782335
2016-02-29 23:00:00,0.0012827954950687644
2016-03-01 23:00:00,0.0012972431309138627
2016-03-02 23:00:00,0.0013071580992361329
2016-03-03 23:00:00,0.0013055278935383866
2016-03-04 23:00:00,0.001316715903333372
2016-03-07 23:00:00,0.0013212394576097336
2016-03-08 23:00:00,0.0013154285684769786
2016-03-09 23:00:00,0.0013246396393903814
2016-03-10 23:00:00,0.0013126684430799884
2016-03-11 23:00:00,0.0013120920589005972
2016-03-14 23:00:00,0.0013190388198372912
2016-03-15 23:00:00,0.0013052741642681249
2016-03-16 23:00:00,0.0013156858544733476
2016-03-17 23:00:00,0.0013426128263243587
2016-03-18 23:00:00,0.0013296055866215055
2016-03-21 23:00:00,0.0013296492956782144
2016-03-22 23:00:00,0.0013374709023349545
2016-03-23 23:00:00,0.0013195129096931618
2016-03-24 23:00:00,0.0013188018897044573
2016-03-28 23:00:00,0.0013239887079524845
2016-03-29 23:00:00,0.0013226019747599046
2016-03-30 23:00:00,0.0013357060368344024
2016-03-31 23:00:00,0.0013325617603928011
2016-04-01 23:00:00,0.0013326506944558265
2016-04-04 23:00:00,0.0013290794584776367
2016-04-05 23:00:00,0.0013215498300237446
2016-04-06 23:00:00,0.0013191005282458964
2016-04-07 23:00:00,0.0012992626907081435
2016-04-08 23:00:00,0.0013009433974886606
2016-04-11 23:00:00,0.0013119956049836195
2016-04-12 23:00:00,0.0013264287742915167
2016-04-13 23:00:00,0.0013320950305512427
2016-04-14 23:00:00,0.0013474035153938028
2016-04-15 23:00:00,0.0013400469324167251
2016-04-18 23:00:00,0.0013468368040609284
2016-04-19 23:00:00,0.0013547868833182295
2016-04-20 23:00:00,0.0013600491970826882
2016-04-21 23:00:00,0.0013417330247692044
2016-04-22 23:00:00,0.0013392838184225898
2016-04-25 23:00:00,0.0013332512769851114
2016-04-26 23:00:00,0.0013340973613425971
2016-04-27 23:00:00,0.001342205810773202
2016-04-28 23:00:00,0.0013548097835677734
2016-04-29 23:00:00,0.0013489016855696091
2016-05-02 23:00:00,0.0013477854592259875
2016-05-03 23:00:00,0.0013311934108505804
2016-05-04 23:00:00,0.0013276837558368405
2016-05-05 23:00:00,0.001335122435435132
2016-05-06 23:00:00,0.0013418675447538278
2016-05-09 23:00:00,0.0013133955694158213
2016-05-10 23:00:00,0.0013086288029607125
2016-05-11 23:00:00,0.0013077222856284273
2016-05-12 23:00:00,0.0012975473136921138
2016-05-13 23:00:00,0.0012846645657810178
2016-05-16 23:00:00,0.0012785257008344304
2016-05-17 23:00:00,0.0012888563767849625
2016-05-18 23:00:00,0.001272767571742851
2016-05-19 23:00:00,0.0012788780498946696
2016-05-20 23:00:00,0.001284789967399766
2016-05-23 23:00:00,0.0012783599491760706
2016-05-24 23:00:00,0.0012768699001805214
2016-05-25 23:00:00,0.0012832240091846224
2016-05-26 23:00:00,0.001293051426042904
2016-05-27 23:00:00,0.0012944904808268572
2016-05-31 23:00:00,0.0012862755401980206
2016-06-01 23:00:00,0.0012900356840768307
2016-06-02 23:00:00,0.0012942763019755518
2016-06-03 23:00:00,0.0013065734493964394
2016-06-06 23:00:00,0.0013150176140789929
2016-06-07 23:00:00,0.0013173925950222265
2016-06-08 23:00:00,0.0013269917642748572
2016-06-09 23:00:00,0.0013165496776535721
2016-06-10 23:00:00,0.0013064882198666732
2016-06-13 23:00:00,0.0013066586888798742
2016-06-14 23:00:00,0.0012960593412625694
2016-06-15 23:00:00,0.0013048920069370989
2016-06-16 23:00:00,0.0012978467788356232
2016-06-17 23:00:00,0.0013071703349051985
2016-06-20 23:00:00,0.0013197318817499595
2016-06-21 23:00:00,0.0013278247712886536
2016-06-22 23:00:00,0.0013292298518169405
2016-06-23 23:00:00,0.001339385576149306
2016-06-24 23:00:00,0.0013222309843797931
2016-06-27 23:00:00,0.0013130371494394586
2016-06-28 23:00:00,0.001346256202225381
2016-06-29 23:00:00,0.0013586560560077561
2016-06-30 23:00:00,0.001358564636329738
2016-07-01 23:00:00,0.00136839681431581
2016-07-05 23:00:00,0.001356704114168562
2016-07-06 23:00:00,0.0013584964874003846
2016-07-07 23:00:00,0.0013503406450220015
2016-07-08 23:00:00,0.0013672469520117866
2016-07-11 23:00:00,0.0013606347533158616
2016-07-12 23:00:00,0.0013649295387942145
2016-07-13 23:00:00,0.001372944298923867
2016-07-14 23:00:00,0.0013855268931500134
2016-07-15 23:00:00,0.0013802258274094718
2016-07-18 23:00:00,0.0013907463491204016
2016-07-19 23:00:00,0.0013869404366254124
2016-07-20 23:00:00,0.0013838340723204149
2016-07-21 23:00:00,0.0013878370288579614
2016-07-22 23:00:00,0.001388545604733048
2016-07-25 23:00:00,0.0013679366601285735
2016-07-26 23:00:00,0.0013626420402198752
2016-07-27 23:00:00,0.0013501384413579418
2016-07-28 23:00:00,0.0013613412571347654
2016-07-29 23:00:00,0.0013552325704039696
2016-08-01 23:00:00,0.0013495277747087185
2016-08-02 23:00:00,0.001352524959437425
2016-08-03 23:00:00,0.0013518322506543695
2016-08-04 23:00:00,0.0013550239501899292
2016-08-05 23:00:00,0.001353634608400059
2016-08-08 23:00:00,0.0013573219215527411
2016-08-09 23:00:00,0.0013610271561699727
2016-08-10 23:00:00,0.0013711384054393126
2016-08-11 23:00:00,0.0013862206541305805
2016-08-12 23:00:00,0.0013696250094763765
2016-08-15 23:00:00,0.0013734378362814882
2016-08-16 23:00:00,0.0013656194718290613
2016-08-17 23:00:00,0.0013504256882188065
2016-08-18 23:00:00,0.0013515322729003509
2016-08-19 23:00:00,0.001342519306289294
2016-08-22 23:00:00,0.001327420182811919
2016-08-23 23:00:00,0.0013209240915030515
2016-08-24 23:00:00,0.001326236888740164
2016-08-25 23:00:00,0.0013396295433130913
2016-08-26 23:00:00,0.0013271297673631294
2016-08-29 23:00:00,0.001321921518830766
2016-08-30 23:00:00,0.0013146379460509045
2016-08-31 23:00:00,0.0013181383893034475
2016-09-01 23:00:00,0.0013148307388215245
2016-09-02 23:00:00,0.0013365347973406088
2016-09-06 23:00:00,0.0013558285569819693
2016-09-07 23:00:00,0.0013589376012518892
2016-09-08 23:00:00,0.0013540415711451555
2016-09-09 23:00:00,0.0013377275335592785
2016-09-12 23:00:00,0.0013426289411446663
2016-09-13 23:00:00,0.0013264297381794352
2016-09-14 23:00:00,0.00133224358087034
2016-09-15 23:00:00,0.0013370425805791686
2016-09-16 23:00:00,0.0013284353714504364
2016-09-19 23:00:00,0.001330227602400289
2016-09-20 23:00:00,0.0013411395839323663
2016-09-21 23:00:00,0.0013548327498505285
2016-09-22 23:00:00,0.0013676288480794015
2016-09-23 23:00:00,0.001364827601773234
2016-09-26 23:00:00,0.0013615344983821105
2016-09-27 23:00:00,0.0013612379092611273
2016-09-28 23:00:00,0.001361739897559196
2016-09-29 23:00:00,0.0013674448422333874
2016-09-30 23:00:00,0.0013682041542586619
2016-10-03 23:00:00,0.0013631077211105553
2016-10-04 23:00:00,0.0013546893037257484
2016-10-05 23:00:00,0.0013522045714293232
2016-10-06 23:00:00,0.0013477975151284186
2016-10-07 23:00:00,0.0013427033749771548
2016-10-10 23:00:00,0.0013421024160644108
2016-10-11 23:00:00,0.0013471924468910392
2016-10-12 23:00:00,0.0013490091204574847
2016-10-13 23:00:00,0.0013405022228990485
2016-10-14 23:00:00,0.001341190773868237
2016-10-17 23:00:00,0.0013417020456345714
2016-10-18 23:00:00,0.0013464088266297064
2016-10-19 23:00:00,0.001353400735050566
2016-10-20 23:00:00,0.0013486050342010373
2016-10-21 23:00:00,0.0013508977422615493
2016-10-24 23:00:00,0.0013684114908730561
2016-10-25 23:00:00,0.0013799964737524011
2016-10-26 23:00:00,0.001378290646261484
2016-10-27 23:00:00,0.0013869996836287615
2016-10-28 23:00:00,0.0013850662383309473
2016-10-31 23:00:00,0.0013822831224602702
2016-11-01 23:00:00,0.0013871778589735124
2016-11-02 23:00:00,0.001391064333406517
2016-11-03 23:00:00,0.0013845743637281374
2016-11-04 23:00:00,0.0013753809771439687
2016-11-07 23:00:00,0.0013840828051433982
2016-11-08 23:00:00,0.0013959680533661095
2016-11-09 23:00:00,0.0013925771244715805
2016-11-10 23:00:00,0.0013676701873276435
2016-11-11 23:00:00,0.0013512698420509936
2016-11-14 23:00:00,0.0013430692708127944
2016-11-15 23:00:00,0.001341165768974393
2016-11-16 23:00:00,0.001334278815355556
2016-11-17 23:00:00,0.001331066338369774
2016-11-18 23:00:00,0.0013262845208996286
2016-11-21 23:00:00,0.0013368676691576655
2016-11-22 23:00:00,0.001330172827329386
2016-11-23 23:00:00,0.0013298679735945494
2016-11-25 23:00:00,0.0013252669627946672
2016-11-28 23:00:00,0.00133526502281815
2016-11-29 23:00:00,0.001340480815994283
2016-11-30 23:00:00,0.0013348046291478347
2016-12-01 23:00:00,0.0013367072956708447
2016-12-02 23:00:00,0.0013455186056182285
2016-12-05 23:00:00,0.0013599048268268627
2016-12-06 23:00:00,0.0013702081651730364
2016-12-07 23:00:00,0.0013821178708668634
2016-12-08 23:00:00,0.0013831188136315755
2016-12-09 23:00:00,0.0013893165289537905
2016-12-12 23:00:00,0.0013956121361033587
2016-12-13 23:00:00,0.0013926111581838993
2016-12-14 23:00:00,0.001382816064502036
2016-12-15 23:00:00,0.0013602211508396095
2016-12-16 23:00:00,0.0013390101518065461
2016-12-19 23:00:00,0.0013318183747660231
2016-12-20 23:00:00,0.0013357225465664448
2016-12-21 23:00:00,0.0013409236692970372
2016-12-22 23:00:00,0.0013369044028930142
2016-12-23 23:00:00,0.0013410117659292905
2016-12-27 23:00:00,0.0013385051038123182
2016-12-28 23:00:00,0.001345119842538324
2016-12-29 23:00:00,0.0013553105903467931
2016-12-30 23:00:00,0.0013555126849449386
2017-01-03 23:00:00,0.0013452234624988177
2017-01-04 23:00:00,0.0013541162865357153
2017-01-05 23:00:00,0.001374931162664973
2017-01-06 23:00:00,0.0013621311621448465
2017-01-09 23:00:00,0.0013554239468185178
2017-01-10 23:00:00,0.0013568228016233393
2017-01-11 23:00:00,0.0013571117813115726
2017-01-12 23:00:00,0.001376526614653489
2017-01-13 23:00:00,0.0013813103171618766
2017-01-17 23:00:00,0.0013897144813217821
2017-01-18 23:00:00,0.0013823212758855114
2017-01-19 23:00:00,0.0013785142422211055
2017-01-20 23:00:00,0.0013893199044430367
2017-01-23 23:00:00,0.001395610965383745
2017-01-24 23:00:00,0.0013976257106450693
2017-01-25 23:00:00,0.0014072093045859654
2017-01-26 23:00:00,0.0014015296856765619
2017-01-27 23:00:00,0.0014032291710481975
2017-01-30 23:00:00,0.00140873097269342
2017-01-31 23:00:00,0.0014071618008253929
2017-02-01 23:00:00,0.001410671996628946
2017-02-02 23:00:00,0.0014237615137578509
2017-02-03 23:00:00,0.0014296588077810904
2017-02-06 23:00:00,0.0014257707981088891
2017-02-07 23:00:00,0.0014088674649981759
2017-02-08 23:00:00,0.0014085592180926511
2017-02-09 23:00:00,0.0014127667448079716
2017-02-10 23:00:00,0.0014308777962868575
2017-02-13 23:00:00,0.0014242693966571847
2017-02-14 23:00:00,0.0014297562568419207
2017-02-15 23:00:00,0.0014324653308288619
2017-02-16 23:00:00,0.0014337621723754348
2017-02-17 23:00:00,0.0014206730043405322
2017-02-21 23:00:00,0.00142286747899819
2017-02-22 23:00:00,0.0014241726314791546
2017-02-23 23:00:00,0.0014269594417695131
2017-02-24 23:00:00,0.0014161589358741061
2017-02-27 23:00:00,0.00141386399374905
2017-02-28 23:00:00,0.0014187969530658868
2017-03-01 23:00:00,0.001421299896905645
2017-03-02 23:00:00,0.0014113134215915128
2017-03-03 23:00:00,0.0014053140598161752
2017-03-06 23:00:00,0.0013936152090456328
2017-03-07 23:00:00,0.0013997064235632775
2017-03-08 23:00:00,0.001389498338835535
2017-03-09 23:00:00,0.0013849076976197448
2017-03-10 23:00:00,0.0013875953629478642
2017-03-13 23:00:00,0.001381713109306341
2017-03-14 23:00:00,0.0013760103425725625
2017-03-15 23:00:00,0.0013758989575283508
2017-03-16 23:00:00,0.0013936152090456328
2017-03-17 23:00:00,0.0013963112764535032
2017-03-20 23:00:00,0.0013982134368968546
2017-03-21 23:00:00,0.0014005115590857015
2017-03-22 23:00:00,0.0013924073882291851
2017-03-23 23:00:00,0.0013917018220609286
2017-03-24 23:00:00,0.001398305228097762
2017-03-27 23:00:00,0.0013887954897895869
2017-03-28 23:00:00,0.0013868038748722274
2017-03-29 23:00:00,0.0013932959741644465
2017-03-30 23:00:00,0.0013904970586263445
2017-03-31 23:00:00,0.0013924757038597704
2017-04-03 23:00:00,0.0013975964129340462
2017-04-04 23:00:00,0.0013928877524579126
2017-04-05 23:00:00,0.0013971817963391324
2017-04-06 23:00:00,0.0014026823175620525
2017-04-07 23:00:00,0.0014026823175620525
2017-04-10 23:00:00,0.0014136861941179582
2017-04-11 23:00:00,0.0014062860817798035
2017-04-12 23:00:00,0.0014084799099760598
2017-04-13 23:00:00,0.0014192835316754332
2017-04-17 23:00:00,0.0014292798399218958
2017-04-18 23:00:00,0.00142008987734339
2017-04-19 23:00:00,0.0014176733702459519
2017-04-20 23:00:00,0.0014182886223629708
2017-04-21 23:00:00,0.0014103754003010644
2017-04-24 23:00:00,0.001405680389411407
2017-04-25 23:00:00,0.0013897800439316732
2017-04-26 23:00:00,0.0013834896846601464
2017-04-27 23:00:00,0.0013864807073312856
2017-04-28 23:00:00,0.0013850743526284616
2017-05-01 23:00:00,0.0013850743526284616
2017-05-02 23:00:00,0.0013720799573324635
2017-05-03 23:00:00,0.001367175708804724
2017-05-04 23:00:00,0.001354573923315856
2017-05-05 23:00:00,0.0013637839469270155
2017-05-08 23:00:00,0.0013486775889718367
2017-05-09 23:00:00,0.0013481793271786825
2017-05-10 23:00:00,0.0013528719879231706
2017-05-11 23:00:00,0.0013658659434635301
2017-05-12 23:00:00,0.0013643813710836428
2017-05-15 23:00:00,0.0013715657304210788
2017-05-16 23:00:00,0.0013758692840701939
2017-05-17 23:00:00,0.0013684655221965973
2017-05-18 23:00:00,0.0013613769937524832
2017-05-19 23:00:00,0.0013718786959825008
2017-05-22 23:00:00,0.0013693786343113366
2017-05-23 23:00:00,0.0013589778189851385
2017-05-24 23:00:00,0.00136517868366169
2017-05-25 23:00:00,0.001370270553222393
2017-05-26 23:00:00,0.0013656663510591626
2017-05-30 23:00:00,0.0013576824144484964
2017-05-31 23:00:00,0.0013573753625987974
2017-06-01 23:00:00,0.0013600637481867256
2017-06-02 23:00:00,0.001366270820605909
2017-06-05 23:00:00,0.001368768195080447
2017-06-06 23:00:00,0.0013674738690558244
2017-06-07 23:00:00,0.001367273226269013
2017-06-08 23:00:00,0.0013759723904936039
2017-06-09 23:00:00,0.0013802693716017396
2017-06-12 23:00:00,0.0013847735221734206
2017-06-13 23:00:00,0.0013856638812369945
2017-06-14 23:00:00,0.0013873790637090508
2017-06-15 23:00:00,0.0013753637558943607
2017-06-16 23:00:00,0.0013795666072128172
2017-06-19 23:00:00,0.0013849788965290405
2017-06-20 23:00:00,0.0013797705680074408
2017-06-21 23:00:00,0.0013764686800211575
2017-06-22 23:00:00,0.0013804735228961846
2017-06-23 23:00:00,0.0013866696498503056
2017-06-26 23:00:00,0.001385960900889435
2017-06-27 23:00:00,0.0013831780701849044
2017-06-28 23:00:00,0.0013820632576702484
2017-06-29 23:00:00,0.00137795951874705
2017-06-30 23:00:00,0.0013820859924797615
2017-07-03 23:00:00,0.001384493306003624
2017-07-05 23:00:00,0.0013772943466004374
2017-07-06 23:00:00,0.0013772943466004374
2017-07-07 23:00:00,0.0013743935701039
2017-07-10 23:00:00,0.0013753817215045238
2017-07-11 23:00:00,0.0013776774574247698
2017-07-12 23:00:00,0.0013832886878689908
2017-07-13 23:00:00,0.001388896257013418
2017-07-14 23:00:00,0.0013959993198917845
2017-07-17 23:00:00,0.001391187704778509
2017-07-18 23:00:00,0.0014033792598126126
2017-07-19 23:00:00,0.0014055978838283687
2017-07-20 23:00:00,0.001408597402361823
2017-07-21 23:00:00,0.00141059577970951
2017-07-24 23:00:00,0.0014112787721128502
2017-07-25 23:00:00,0.0014123869830908495
2017-07-26 23:00:00,0.0014245878661351108
2017-07-27 23:00:00,0.0014166934911852627
2017-07-28 23:00:00,0.0014057850096552641
2017-07-31 23:00:00,0.0014110196344614113
2017-08-01 23:00:00,0.0014030069869075134
2017-08-02 23:00:00,0.0014041298107049039
2017-08-03 23:00:00,0.0014066152318184567
2017-08-04 23:00:00,0.0014105237609252272
2017-08-07 23:00:00,0.001407226097124926
2017-08-08 23:00:00,0.0014151169002953375
2017-08-09 23:00:00,0.001416614399760035
2017-08-10 23:00:00,0.0014184247848732074
2017-08-11 23:00:00,0.0014199287233967232
2017-08-14 23:00:00,0.001415520700936521
2017-08-15 23:00:00,0.0014121069529122038
2017-08-16 23:00:00,0.0014269136726792705
2017-08-17 23:00:00,0.0014167095773590314
2017-08-18 23:00:00,0.001417519061428284
2017-08-21 23:00:00,0.0014292076704702716
2017-08-22 23:00:00,0.001434619250218607
2017-08-23 23:00:00,0.001435423267768977
2017-08-24 23:00:00,0.0014417133243422062
2017-08-25 23:00:00,0.0014497157929437205
2017-08-28 23:00:00,0.0014662218099086744
2017-08-29 23:00:00,0.0014716137692632305
2017-08-30 23:00:00,0.00145682285003386
2017-08-31 23:00:00,0.0014655630365562108
2017-09-01 23:00:00,0.0014669664747592385
2017-09-05 23:00:00,0.0014584563072711806
2017-09-06 23:00:00,0.0014847590949738053
2017-09-07 23:00:00,0.0014964628011088408
2017-09-08 23:00:00,0.0014777655430884401
2017-09-11 23:00:00,0.0014736602007285027
2017-09-12 23:00:00,0.0014740466019531695
2017-09-13 23:00:00,0.0014620525102049158
2017-09-14 23:00:00,0.0014700627399295005
2017-09-15 23:00:00,0.001466251688977173
2017-09-18 23:00:00,0.0014473656824761435
2017-09-19 23:00:00,0.0014478641767516278
2017-09-20 23:00:00,0.0014751553174395238
2017-09-21 23:00:00,0.0014689610409961936
2017-09-22 23:00:00,0.0014468675028520145
2017-09-25 23:00:00,0.0014569668799001845
2017-09-26 23:00:00,0.0014441579413104794
2017-09-27 23:00:00,0.0014339508183718074
2017-09-28 23:00:00,0.00143975310175186
2017-09-29 23:00:00,0.0014390871026843033
2017-10-02 23:00:00,0.0014406780665632245
2017-10-03 23:00:00,0.0014544951759601571
2017-10-04 23:00:00,0.001457292926355511
2017-10-05 23:00:00,0.001464381364127031
2017-10-06 23:00:00,0.0014534983761880687
2017-10-09 23:00:00,0.0014534983761880687
2017-10-10 23:00:00,0.0014636999351306506
2017-10-11 23:00:00,0.0014719923270401082
2017-10-12 23:00:00,0.0014767991371425252
2017-10-13 23:00:00,0.00148238353331641
2017-10-16 23:00:00,0.0014887875511310207
2017-10-17 23:00:00,0.001482099516381701
2017-10-18 23:00:00,0.00147608139573866
2017-10-19 23:00:00,0.0014735999018058396
2017-10-20 23:00:00,0.0014630947109322055
2017-10-23 23:00:00,0.0014559927389351196
2017-10-24 23:00:00,0.0014567926012098338
2017-10-25 23:00:00,0.0014624899477984113
2017-10-26 23:00:00,0.0014492016691232653
2017-10-27 23:00:00,0.0014492016691232653
2017-10-30 23:00:00,0.0014404820809408429
2017-10-31 23:00:00,0.0014465064895735438
2017-11-01 23:00:00,0.0014458904238131075
2017-11-02 23:00:00,0.0014648122462072785
2017-11-03 23:00:00,0.001452892653352684
2017-11-06 23:00:00,0.0014570041344492517
2017-11-07 23:00:00,0.0014516013429317432
2017-11-08 23:00:00,0.0014590053091743359
2017-11-09 23:00:00,0.0014604091492043108
2017-11-10 23:00:00,0.0014615892958225324
2017-11-13 23:00:00,0.001465291770304708
2017-11-14 23:00:00,0.001458204231515202
2017-11-15 23:00:00,0.0014565046312836965
2017-11-16 23:00:00,0.0014638036672792944
2017-11-17 23:00:00,0.0014769134564177873
2017-11-20 23:00:00,0.0014470983678873874
2017-11-21 23:00:00,0.0014522964009469252
2017-11-22 23:00:00,0.0014550080142327626
2017-11-24 23:00:00,0.0014540118435847071
2017-11-27 23:00:00,0.0014427927964178245
2017-11-28 23:00:00,0.001435904123022979
2017-11-29 23:00:00,0.0014281120536394699
2017-11-30 23:00:00,0.0014330395764872975
2017-12-01 23:00:00,0.0014310373266626189
2017-12-04 23:00:00,0.0014312277934900633
2017-12-05 23:00:00,0.0014183354493369786
2017-12-06 23:00:00,0.001421338460602067
2017-12-07 23:00:00,0.0014152275696094636
2017-12-08 23:00:00,0.0014145282882709652
2017-12-11 23:00:00,0.0014136434507432672
2017-12-12 23:00:00,0.0014210329296189582
2017-12-13 23:00:00,0.00143773176356062
2017-12-14 23:00:00,0.0014577492883563192
2017-12-15 23:00:00,0.0014606371005333513
2017-12-18 23:00:00,0.0014957247970802086
2017-12-19 23:00:00,0.0014934280218612608
2017-12-20 23:00:00,0.0014993250726934805
2017-12-21 23:00:00,0.001499948336195017
2017-12-22 23:00:00,0.0014957247970802086
2017-12-26 23:00:00,0.0015037241677582894
2017-12-27 23:00:00,0.0015104338304730669
2017-12-28 23:00:00,0.00151613861059747
2017-12-29 23:00:00,0.0015135717864058612
2018-01-02 23:00:00,0.0015382547898266789
2018-01-03 23:00:00,0.0015359774385480707
2018-01-04 23:00:00,0.0015402662571764893
2018-01-05 23:00:00,0.001539776529459536
2018-01-08 23:00:00,0.0015412738336450212
2018-01-09 23:00:00,0.0015352738193861635
2018-01-10 23:00:00,0.0015333554596286731
2018-01-11 23:00:00,0.001541355582979185
2018-01-12 23:00:00,0.0015480592216927176
2018-01-16 23:00:00,0.001540375125058214
2018-01-17 23:00:00,0.0015381733473070855
2018-01-18 23:00:00,0.001541955325596642
2018-01-19 23:00:00,0.0015315762047391265
2018-01-22 23:00:00,0.001543156119123032
2018-01-23 23:00:00,0.0015309570666007242
2018-01-24 23:00:00,0.0015500671731872376
2018-01-25 23:00:00,0.0015559538961968224
2018-01-26 23:00:00,0.0015502599721318915
2018-01-29 23:00:00,0.001546769000356104
2018-01-30 23:00:00,0.001535652616449243
2018-01-31 23:00:00,0.0015450427021986733
2018-02-01 23:00:00,0.001561028459247091
2018-02-02 23:00:00,0.0015413465480839366
2018-02-05 23:00:00,0.0015468282342502393
2018-02-06 23:00:00,0.0015552303885585134
2018-02-07 23:00:00,0.0015566483076999405
2018-02-08 23:00:00,0.0015460311369150375
2018-02-09 23:00:00,0.0015413465480839366
2018-02-12 23:00:00,0.0015601338240649855
2018-02-13 23:00:00,0.0015597427220657913
2018-02-14 23:00:00,0.0015722360429894042
2018-02-15 23:00:00,0.0015751325603382852
2018-02-16 23:00:00,0.0015744501306189814
2018-02-20 23:00:00,0.0015679380764918069
2018-02-21 23:00:00,0.0015682483768825286
2018-02-22 23:00:00,0.0015768410541506675
2018-02-23 23:00:00,0.0015824463357913539
2018-02-26 23:00:00,0.0015901422600137446
2018-02-27 23:00:00,0.0015782388938724492
2018-02-28 23:00:00,0.0015858965479114734
2018-03-01 23:00:00,0.001581078281904941
2018-03-02 23:00:00,0.0015856987652562119
2018-03-05 23:00:00,0.001575282471974587
2018-03-06 23:00:00,0.0015704970307220641
2018-03-07 23:00:00,0.0015627926408087961
2018-03-08 23:00:00,0.0015548869015172115
2018-03-09 23:00:00,0.001565380411172171
2018-03-12 23:00:00,0.0015591723364962893
2018-03-13 23:00:00,0.0015638928331802098
2018-03-14 23:00:00,0.0015679762724871394
2018-03-15 23:00:00,0.001555785817774456
2018-03-16 23:00:00,0.001549676198586189
2018-03-19 23:00:00,0.0015461937026127765
2018-03-20 23:00:00,0.0015440951523433626
2018-03-21 23:00:00,0.0015573954144530635
2018-03-22 23:00:00,0.0015493786653194392
2018-03-23 23:00:00,0.0015504882004360465
2018-03-26 23:00:00,0.0015583790839835663
2018-03-27 23:00:00,0.0015576958559483998
2018-03-28 23:00:00,0.0015590902405978088
2018-03-29 23:00:00,0.0015570677846418214
2018-04-02 23:00:00,0.0015540686730487455
2018-04-03 23:00:00,0.0015621638946085555
2018-04-04 23:00:00,0.0015631538706923425
2018-04-05 23:00:00,0.0015611750994694489
2018-04-06 23:00:00,0.0015584619848594574
2018-04-09 23:00:00,0.0015622738335942688
2018-04-10 23:00:00,0.0015688692573107884
2018-04-11 23:00:00,0.0015773626131398075
2018-04-12 23:00:00,0.0015801662197438644
2018-04-13 23:00:00,0.0015844739711827547
2018-04-16 23:00:00,0.0015813746616412994
2018-04-17 23:00:00,0.001580952914248222
2018-04-18 23:00:00,0.0015880665436393405
2018-04-19 23:00:00,0.0015836557690587971
2018-04-20 23:00:00,0.0015806718671490774
2018-04-23 23:00:00,0.0015624662619100544
2018-04-24 23:00:00,0.001573258300108778
2018-04-25 23:00:00,0.001560955527378977
2018-04-26 23:00:00,0.0015628787587549694
2018-04-27 23:00:00,0.0015545586916978565
2018-04-30 23:00:00,0.001555239756283073
2018-05-01 23:00:00,0.0015538326454019333
2018-05-02 23:00:00,0.0015427411067436975
2018-05-03 23:00:00,0.0015414338500099266
2018-05-04 23:00:00,0.0015339449964273998
2018-05-07 23:00:00,0.0015139311256545075
2018-05-08 23:00:00,0.0015021302069781939
2018-05-09 23:00:00,0.0015020307375330948
2018-05-10 23:00:00,0.0015297371860642085
2018-05-11 23:00:00,0.0015435526684124967
2018-05-14 23:00:00,0.0015257306411336992
2018-05-15 23:00:00,0.0015031504927853724
2018-05-16 23:00:00,0.001511234759764442
2018-05-17 23:00:00,0.0015062442853713105
2018-05-18 23:00:00,0.0014981364492225586
2018-05-21 23:00:00,0.001494852483635257
2018-05-22 23:00:00,0.001528553685241054
2018-05-23 23:00:00,0.001528553685241054
2018-05-24 23:00:00,0.0015209542121452245
2018-05-25 23:00:00,0.0015302522967563929
2018-05-29 23:00:00,0.0015129472769636555
2018-05-30 23:00:00,0.0015168393291474418
2018-05-31 23:00:00,0.0015166620037939905
2018-06-01 23:00:00,0.0015137712950292626
2018-06-04 23:00:00,0.001514373703455591
2018-06-05 23:00:00,0.0015105661699774135
2018-06-06 23:00:00,0.0015195632825499089
2018-06-07 23:00:00,0.0015139720469398727
2018-06-08 23:00:00,0.0015158565737392036
2018-06-11 23:00:00,0.0015107661102448091
2018-06-12 23:00:00,0.0015022635562878027
2018-06-13 23:00:00,0.0015062547991776362
2018-06-14 23:00:00,0.0014991540439781284
2018-06-15 23:00:00,0.001511566377340154
2018-06-18 23:00:00,0.0015015714891511295
2018-06-19 23:00:00,0.0014934606440233874
2018-06-20 23:00:00,0.001491458189494235
2018-06-21 23:00:00,0.001494855622279927
2018-06-22 23:00:00,0.0014994742976100182
2018-06-25 23:00:00,0.0014937541169658492
2018-06-26 23:00:00,0.0014887557057486473
2018-06-27 23:00:00,0.001476266794262576
2018-06-28 23:00:00,0.001470358107892737
2018-06-29 23:00:00,0.0014730923989182386
2018-07-02 23:00:00,0.0014627080319765573
2018-07-03 23:00:00,0.0014793062904754465
2018-07-05 23:00:00,0.0014646994223129744
2018-07-06 23:00:00,0.001463610458501522
2018-07-09 23:00:00,0.0014797081564034374
2018-07-10 23:00:00,0.0014887940516024414
2018-07-11 23:00:00,0.001472693983046929
2018-07-12 23:00:00,0.0014842139374989175
2018-07-13 23:00:00,0.0014798027436283073
2018-07-16 23:00:00,0.0014806072051088356
2018-07-17 23:00:00,0.0014718041557159555
2018-07-18 23:00:00,0.0014745941794890025
2018-07-19 23:00:00,0.0014497989434128224
2018-07-20 23:00:00,0.001458211908070451
2018-07-23 23:00:00,0.0014470983874172256
2018-07-24 23:00:00,0.0014685114497904207
2018-07-25 23:00:00,0.001484499399839648
2018-07-26 23:00:00,0.0014880049094240222
2018-07-27 23:00:00,0.0015004128176162106
2018-07-30 23:00:00,0.0015084932950388224
2018-07-31 23:00:00,0.0015074633389430773
2018-08-01 23:00:00,0.0014951438353752685
2018-08-02 23:00:00,0.001487541869860683
2018-08-03 23:00:00,0.001490959579938933
2018-08-06 23:00:00,0.0014848568035141234
2018-08-07 23:00:00,0.0014926499199465974
2018-08-08 23:00:00,0.0014896581125264964
2018-08-09 23:00:00,0.0014833505386227586
2018-08-10 23:00:00,0.0014657582586558695
2018-08-13 23:00:00,0.001451145323523243
2018-08-14 23:00:00,0.0014436483528633712
2018-08-15 23:00:00,0.0014381585962330258
2018-08-16 23:00:00,0.0014314583936796727
2018-08-17 23:00:00,0.0014285416701547093
2018-08-20 23:00:00,0.0014333570376392085
2018-08-21 23:00:00,0.001444442370282412
2018-08-22 23:00:00,0.001448447869992824
2018-08-23 23:00:00,0.0014311461381612462
2018-08-24 23:00:00,0.0014502527270724972
2018-08-27 23:00:00,0.0014551405471947688
2018-08-28 23:00:00,0.0014469433141755831
2018-08-29 23:00:00,0.001435439915082741
2018-08-30 23:00:00,0.0014157417874980413
2018-08-31 23:00:00,0.00141849896471744
2018-09-04 23:00:00,0.0013873001758998953
2018-09-05 23:00:00,0.001396902020642693
2018-09-06 23:00:00,0.0013983023332416885
2018-09-07 23:00:00,0.0013875093842145773
2018-09-10 23:00:00,0.0013798087711693555
2018-09-11 23:00:00,0.0013766071523079169
2018-09-12 23:00:00,0.0013948065903044715
2018-09-13 23:00:00,0.0014115029900309381
2018-09-14 23:00:00,0.001398790954096875
2018-09-17 23:00:00,0.0013984934936927187
2018-09-18 23:00:00,0.001403609670687715
2018-09-19 23:00:00,0.001412498355989601
2018-09-20 23:00:00,0.00143939797035329
2018-09-21 23:00:00,0.0014436082780241164
2018-09-24 23:00:00,0.0014282112488900507
2018-09-25 23:00:00,0.0014400943035444234
2018-09-26 23:00:00,0.0014531971144466267
2018-09-27 23:00:00,0.0014570026495601734
2018-09-28 23:00:00,0.0014527170522689735
2018-10-01 23:00:00,0.0014516302401017284
2018-10-02 23:00:00,0.0014464259050522886
2018-10-03 23:00:00,0.001439026684635294
2018-10-04 23:00:00,0.0014135352908805836
2018-10-05 23:00:00,0.0014109262369310439
2018-10-08 23:00:00,0.0014009266232748127
2018-10-09 23:00:00,0.0014000203456192848
2018-10-10 23:00:00,0.001388424555148558
2018-10-11 23:00:00,0.0013952271072648075
2018-10-12 23:00:00,0.0014074327102803564
2018-10-15 23:00:00,0.0013995245242765285
2018-10-16 23:00:00,0.001426317527641598
2018-10-17 23:00:00,0.0014193342912805574
2018-10-18 23:00:00,0.0014111232391840949
2018-10-19 23:00:00,0.0014116269278364724
2018-10-22 23:00:00,0.00140972347322059
2018-10-23 23:00:00,0.001395334236023806
2018-10-24 23:00:00,0.0013841284825553534
2018-10-25 23:00:00,0.0013861358014623727
2018-10-26 23:00:00,0.00138783048324942
2018-10-29 23:00:00,0.0013781187027221164
2018-10-30 23:00:00,0.0013728228864479974
2018-10-31 23:00:00,0.001373883106215232
2018-11-01 23:00:00,0.0013904895265517852
2018-11-02 23:00:00,0.001395890948434028
2018-11-05 23:00:00,0.0014121867474805702
2018-11-06 23:00:00,0.0014108835794227248
2018-11-07 23:00:00,0.001417378772945516
2018-11-08 23:00:00,0.0014151928018937311
2018-11-09 23:00:00,0.0014000913927229095
2018-11-12 23:00:00,0.0013919894277456884
2018-11-13 23:00:00,0.0013832868878980828
2018-11-14 23:00:00,0.0014006903752938956
2018-11-15 23:00:00,0.0014217922012988349
2018-11-16 23:00:00,0.0014306762322253295
2018-11-19 23:00:00,0.0014311890166518464
2018-11-20 23:00:00,0.0014265865993067974
2018-11-21 23:00:00,0.0014390810301433538
2018-11-23 23:00:00,0.0014181892226271713
2018-11-26 23:00:00,0.0014139932687937135
2018-11-27 23:00:00,0.0014187811924151873
2018-11-28 23:00:00,0.001426387137620026
2018-11-29 23:00:00,0.0014292734504304744
2018-11-30 23:00:00,0.0014315905719896225
2018-12-03 23:00:00,0.0014357995528510926
2018-12-04 23:00:00,0.0014325905583675855
2018-12-05 23:00:00,0.0014284880622248742
2018-12-06 23:00:00,0.001421883134787185
2018-12-07 23:00:00,0.001423990319038622
2018-12-10 23:00:00,0.0014151845583716995
2018-12-11 23:00:00,0.0014037831744240414
2018-12-12 23:00:00,0.0014173816239025849
2018-12-13 23:00:00,0.0014082880643362758
2018-12-14 23:00:00,0.0014044892524265908
2018-12-17 23:00:00,0.001394686910031125
2018-12-18 23:00:00,0.0013914836308504125
2018-12-19 23:00:00,0.001396188032794204
2018-12-20 23:00:00,0.0013888808693584614
2018-12-21 23:00:00,0.0013831833957290876
2018-12-24 23:00:00,0.0013948981483137162
2018-12-26 23:00:00,0.0013848900065204178
2018-12-27 23:00:00,0.0013734789286003288
2018-12-28 23:00:00,0.001378810489816582
2018-12-31 23:00:00,0.0013807138939546026
2019-01-02 23:00:00,0.0013736981058406785
2019-01-03 23:00:00,0.0013789068469035484
2019-01-04 23:00:00,0.0014067126745588633
2019-01-07 23:00:00,0.0014061094291561204
2019-01-08 23:00:00,0.0014086982632232428
2019-01-09 23:00:00,0.0014170005467713533
2019-01-10 23:00:00,0.0014176127812810047
2019-01-11 23:00:00,0.0014210111306997102
2019-01-14 23:00:00,0.0014244030568167439
2019-01-15 23:00:00,0.0014198034786529045
2019-01-16 23:00:00,0.0014316125348990314
2019-01-17 23:00:00,0.001427211995376262
2019-01-18 23:00:00,0.0014298981259600288
2019-01-22 23:00:00,0.0014223968632253409
2019-01-23 23:00:00,0.001427211995376262
2019-01-24 23:00:00,0.0014256182238611972
2019-01-25 23:00:00,0.0014352995745853384
2019-01-28 23:00:00,0.0014286981601350556
2019-01-29 23:00:00,0.0014369141777785248
2019-01-30 23:00:00,0.0014374082238230413
2019-01-31 23:00:00,0.001438397293986312
2019-02-01 23:00:00,0.0014397974383034806
2019-02-04 23:00:00,0.001443496798885019
2019-02-05 23:00:00,0.001445988702530218
2019-02-06 23:00:00,0.001437884550311896
2019-02-07 23:00:00,0.0014318046044032534
2019-02-08 23:00:00,0.0014298886044205536
2019-02-11 23:00:00,0.0014220900814469967
2019-02-12 23:00:00,0.0014260939958787456
2019-02-13 23:00:00,0.0014175853873540645
2019-02-14 23:00:00,0.0014167918958891813
2019-02-15 23:00:00,0.0014205855256297561
2019-02-19 23:00:00,0.0014360926561414007
2019-02-20 23:00:00,0.0014436845846913194
2019-02-21 23:00:00,0.0014388870525822756
2019-02-22 23:00:00,0.0014470018818728574
2019-02-25 23:00:00,0.001448795893409237
2019-02-26 23:00:00,0.0014525864961894245
2019-02-27 23:00:00,0.0014510917173550881
2019-02-28 23:00:00,0.0014501441555181125
2019-03-01 23:00:00,0.0014401375897088009
2019-03-04 23:00:00,0.0014393344774761615
2019-03-05 23:00:00,0.0014446508065764359
2019-03-06 23:00:00,0.0014395409107256152
2019-03-07 23:00:00,0.0014233368749980422
2019-03-08 23:00:00,0.0014145427335168904
2019-03-11 23:00:00,0.0014159419635958255
2019-03-12 23:00:00,0.001425540399579681
2019-03-13 23:00:00,0.00141743292089375
2019-03-14 23:00:00,0.0014115311091179414
2019-03-15 23:00:00,0.0014177448409191235
2019-03-18 23:00:00,0.0014270506246872536
2019-03-19 23:00:00,0.0014246402194716449
2019-03-20 23:00:00,0.0014266445940168376
2019-03-21 23:00:00,0.0014204461639402506
2019-03-22 23:00:00,0.0013962424091047824
2019-03-25 23:00:00,0.0013952473066466847
2019-03-26 23:00:00,0.0013936493110103655
2019-03-27 23:00:00,0.0013943399096856852
2019-03-28 23:00:00,0.0013920332612118785
2019-03-29 23:00:00,0.0013931749008540928
2019-04-01 23:00:00,0.0014164622369327198
2019-04-02 23:00:00,0.001408773058643665
2019-04-03 23:00:00,0.0014222702565983747
2019-04-04 23:00:00,0.0014256772769359815
2019-04-05 23:00:00,0.0014264691936700985
2019-04-08 23:00:00,0.0014292815660492753
2019-04-09 23:00:00,0.0014287818298167596
2019-04-10 23:00:00,0.0014326748872202622
2019-04-11 23:00:00,0.0014268767899943346
2019-04-12 23:00:00,0.0014352814532185454
2019-04-15 23:00:00,0.0014307827654574485
2019-04-16 23:00:00,0.0014301682771756378
2019-04-17 23:00:00,0.001434663296135605
2019-04-18 23:00:00,0.0014335655961619789
2019-04-22 23:00:00,0.0014275792793535301
2019-04-23 23:00:00,0.001418968285702083
2019-04-24 23:00:00,0.00140817636253332
2019-04-25 23:00:00,0.0014031785705314063
2019-04-26 23:00:00,0.0014033760809133928
2019-04-29 23:00:00,0.001394778547275255
2019-04-30 23:00:00,0.0013975171389629694
2019-05-01 23:00:00,0.001395015676861634
2019-05-02 23:00:00,0.0013879059166712305
2019-05-03 23:00:00,0.0013963197288207273
2019-05-06 23:00:00,0.0013939090444130724
2019-05-07 23:00:00,0.0013818235590562131
2019-05-08 23:00:00,0.0013810135474298347
2019-05-09 23:00:00,0.0013830189004355206
2019-05-10 23:00:00,0.00137911992706934
2019-05-13 23:00:00,0.001363313921084984
2019-05-14 23:00:00,0.0013677141499481027
2019-05-15 23:00:00,0.0013677141499481027
2019-05-16 23:00:00,0.0013626073830370106
2019-05-17 23:00:00,0.0013573097193599376
2019-05-20 23:00:00,0.0013569180855377825
2019-05-21 23:00:00,0.0013608233442700525
2019-05-22 23:00:00,0.0013574128164111506
2019-05-23 23:00:00,0.0013568150595099178
2019-05-24 23:00:00,0.0013593124479938758
2019-05-28 23:00:00,0.0013342237509481028
2019-05-29 23:00:00,0.0013387090480687519
2019-05-30 23:00:00,0.0013312161649949193
2019-05-31 23:00:00,0.0013341239566016176
2019-06-03 23:00:00,0.001350612101469191
2019-06-04 23:00:00,0.0013678233243911164
2019-06-05 23:00:00,0.0013678233243911164
2019-06-06 23:00:00,0.0013714241209912274
2019-06-07 23:00:00,0.0013705274456775325
2019-06-10 23:00:00,0.0013562283969437655
2019-06-11 23:00:00,0.0013688205886556878
2019-06-12 23:00:00,0.0013660192945697054
2019-06-13 23:00:00,0.0013636209367428426
2019-06-14 23:00:00,0.0013569233264592315
2019-06-17 23:00:00,0.001354922124937838
2019-06-18 23:00:00,0.0013621157193835875
2019-06-19 23:00:00,0.0013706316530483365
2019-06-20 23:00:00,0.001389423358959264
2019-06-21 23:00:00,0.0013897228677576465
2019-06-24 23:00:00,0.0013950273064262373
2019-06-25 23:00:00,0.0013968184157428438
2019-06-26 23:00:00,0.0013977264265357544
2019-06-27 23:00:00,0.0013975317583675355
2019-06-28 23:00:00,0.0013978129622654676
2019-07-01 23:00:00,0.0013935189566676145
2019-07-02 23:00:00,0.0013934108458488114
2019-07-03 23:00:00,0.0013902179492071276
2019-07-05 23:00:00,0.0013851124038719409
2019-07-08 23:00:00,0.0013771185141716162
2019-07-09 23:00:00,0.0013744170966551775
2019-07-10 23:00:00,0.0013820192640784266
2019-07-11 23:00:00,0.0013904117158114245
2019-07-12 23:00:00,0.0013940164712659498
2019-07-15 23:00:00,0.0013933243686386093
2019-07-16 23:00:00,0.0013907132322778096
2019-07-17 23:00:00,0.0013891209043280185
2019-07-18 23:00:00,0.0013867174556676045
2019-07-19 23:00:00,0.001379214798362799
2019-07-22 23:00:00,0.0013750071737050975
2019-07-23 23:00:00,0.0013675194460089927
2019-07-24 23:00:00,0.00137061421047383
2019-07-25 23:00:00,0.0013597162617606082
2019-07-26 23:00:00,0.001362011076971804
2019-07-29 23:00:00,0.0013573258846998927
2019-07-30 23:00:00,0.0013494083093840495
2019-07-31 23:00:00,0.0013516294675397402
2019-08-01 23:00:00,0.0013342397773038266
2019-08-02 23:00:00,0.0013212308436535973
2019-08-05 23:00:00,0.0013049318808867564
2019-08-06 23:00:00,0.0013155276876574773
2019-08-07 23:00:00,0.0013173257279262874
2019-08-08 23:00:00,0.00132833117492337
2019-08-09 23:00:00,0.0013259300103765038
2019-08-12 23:00:00,0.0013176389031206907
2019-08-13 23:00:00,0.0013369309328935017
2019-08-14 23:00:00,0.0013254349211177484
2019-08-15 23:00:00,0.0013255339111038354
2019-08-16 23:00:00,0.0013292262613261536
2019-08-19 23:00:00,0.0013200314827930785
2019-08-20 23:00:00,0.0013269212348867015
2019-08-21 23:00:00,0.0013242283638028114
2019-08-22 23:00:00,0.001319128402254592
2019-08-23 23:00:00,0.001310335537243349
2019-08-26 23:00:00,0.0013092320954707036
2019-08-27 23:00:00,0.0013022266066230394
2019-08-28 23:00:00,0.0013028396431029848
2019-08-29 23:00:00,0.0013056242851279115
2019-08-30 23:00:00,0.0013069340484333427
2019-09-03 23:00:00,0.0012978270356618585
2019-09-04 23:00:00,0.0013031200844885852
2019-09-05 23:00:00,0.0013191288354286756
2019-09-06 23:00:00,0.001325316904460298
2019-09-09 23:00:00,0.0013205188423676874
2019-09-10 23:00:00,0.0013244295439611329
2019-09-11 23:00:00,0.001316922254584061
2019-09-12 23:00:00,0.0013303268004603425
2019-09-13 23:00:00,0.0013331344155915804
2019-09-16 23:00:00,0.0013306249522819589
2019-09-17 23:00:00,0.0013193244440168489
2019-09-18 23:00:00,0.0013174293464732086
2019-09-19 23:00:00,0.0013173318001994685
2019-09-20 23:00:00,0.0013145283022625552
2019-09-23 23:00:00,0.0013042295234551987
2019-09-24 23:00:00,0.00130231780768432
2019-09-25 23:00:00,0.0012951201074160256
2019-09-26 23:00:00,0.001296027539456166
2019-09-27 23:00:00,0.0012969172283913725
2019-09-30 23:00:00,0.0012986430933933563
2019-10-01 23:00:00,0.0012975509120216687
2019-10-02 23:00:00,0.001304244182489708
2019-10-03 23:00:00,0.0013220459768737852
2019-10-04 23:00:00,0.0013249370231506116
2019-10-07 23:00:00,0.001317847991076583
2019-10-08 23:00:00,0.0013044532120229811
2019-10-09 23:00:00,0.0013086471566224169
2019-10-10 23:00:00,0.001317847991076583
2019-10-11 23:00:00,0.0013337419098745618
2019-10-14 23:00:00,0.001328941660107966
2019-10-15 23:00:00,0.00132325563537185
2019-10-16 23:00:00,0.0013213445550898613
2019-10-17 23:00:00,0.0013310513109061762
2019-10-18 23:00:00,0.0013352499724565304
2019-10-21 23:00:00,0.0013019490342448573
2019-10-22 23:00:00,0.0013062420534199258
2019-10-23 23:00:00,0.0013018543578404895
2019-10-24 23:00:00,0.001305842016048968
2019-10-25 23:00:00,0.001300851588304173
2019-10-28 23:00:00,0.0013085515563400275
2019-10-29 23:00:00,0.0012977390951528743
2019-10-30 23:00:00,0.0012862981019892618
2019-10-31 23:00:00,0.001280685654208385
2019-11-01 23:00:00,0.0012820889634493724
2019-11-04 23:00:00,0.0012809952248479515
2019-11-05 23:00:00,0.0012689010597565305
2019-11-06 23:00:00,0.0012830017673966384
2019-11-07 23:00:00,0.0012791944235634122
2019-11-08 23:00:00,0.0012689010597565305
2019-11-11 23:00:00,0.0012490913728287873
2019-11-12 23:00:00,0.0012134953002139275
2019-11-13 23:00:00,0.0011893987573743964
2019-11-14 23:00:00,0.0011768022662252393
2019-11-15 23:00:00,0.0012230005601590814
2019-11-18 23:00:00,0.0012213011883814235
2019-11-19 23:00:00,0.0012003014165800352
2019-11-20 23:00:00,0.0013138895568080358
2019-11-21 23:00:00,0.0013138895568080358
2019-11-22 23:00:00,0.0013138895568080358
2019-11-25 23:00:00,0.0013138895568080358
2019-11-26 23:00:00,0.0013138895568080358
2019-11-27 23:00:00,0.0011517998811192928
2019-11-29 23:00:00,0.0011627246660905974
2019-12-02 23:00:00,0.0011692358346196714
2019-12-03 23:00:00,0.0011689257038695938
2019-12-04 23:00:00,0.001194427870945113
2019-12-05 23:00:00,0.0012026333595248006
2019-12-06 23:00:00,0.0012116251121667525
2019-12-09 23:00:00,0.0012173220015512106
2019-12-10 23:00:00,0.0012079209351221394
2019-12-11 23:00:00,0.0012211311822515993
2019-12-12 23:00:00,0.0012212321698022767
2019-12-13 23:00:00,0.0012317358844022562
2019-12-16 23:00:00,0.0012364226177141672
2019-12-17 23:00:00,0.001246929624559161
2019-12-18 23:00:00,0.001254022350311373
2019-12-19 23:00:00,0.0012509330631898605
2019-12-20 23:00:00,0.0012490336818338442
2019-12-23 23:00:00,0.0012534210207377635
2019-12-24 23:00:00,0.001258335975105214
2019-12-26 23:00:00,0.0012603335809218488
2019-12-27 23:00:00,0.001260226414729574
2019-12-30 23:00:00,0.0012594053778619328
2019-12-31 23:00:00,0.001258803408014081
2020-01-02 23:00:00,0.0012611967996338823
2020-01-03 23:00:00,0.0012377978422022273
2020-01-06 23:00:00,0.0012216957932226914
2020-01-07 23:00:00,0.00122690093639094
2020-01-08 23:00:00,0.0012472076639425224
2020-01-09 23:00:00,0.0012316045405353984
2020-01-10 23:00:00,0.001221311267740391
2020-01-13 23:00:00,0.001218908991882298
2020-01-14 23:00:00,0.0012271032683303438
2020-01-15 23:00:00,0.0012187092051534655
2020-01-16 23:00:00,0.0012170965307236315
2020-01-17 23:00:00,0.001222800485229659
2020-01-21 23:00:00,0.0012206096805095475
2020-01-22 23:00:00,0.0012245954410183967
2020-01-23 23:00:00,0.0012151070396452376
2020-01-24 23:00:00,0.001215206368285738
2020-01-27 23:00:00,0.0011975064840366455
2020-01-28 23:00:00,0.0011999104800112874
2020-01-29 23:00:00,0.0011894100034502847
2020-01-30 23:00:00,0.0011821072710694212
2020-01-31 23:00:00,0.0011798953330412795
2020-02-03 23:00:00,0.0011981945930189207
2020-02-04 23:00:00,0.0012094991382635071
2020-02-05 23:00:00,0.0012181978011546696
2020-02-06 23:00:00,0.0012062022370078098
2020-02-07 23:00:00,0.001193198790128232
2020-02-10 23:00:00,0.0011889071676400905
2020-02-11 23:00:00,0.0011923062719113413
2020-02-12 23:00:00,0.0011946997871047154
2020-02-13 23:00:00,0.001189303314375683
2020-02-14 23:00:00,0.0011950036136936235
2020-02-18 23:00:00,0.0011845030263301038
2020-02-19 23:00:00,0.0011844086521364742
2020-02-20 23:00:00,0.001168001803797526
2020-02-21 23:00:00,0.0011755074081182242
2020-02-24 23:00:00,0.0011674964824776794
2020-02-25 23:00:00,0.0011602986220594323
2020-02-26 23:00:00,0.0011616010878195328
2020-02-27 23:00:00,0.0011607980794921635
2020-02-28 23:00:00,0.0011523172883781774
2020-03-02 23:00:00,0.00116151148188714
2020-03-03 23:00:00,0.0011659086545513708
2020-03-04 23:00:00,0.0011531093785362078
2020-03-05 23:00:00,0.0011410121841446278
2020-03-06 23:00:00,0.001139606422195249
2020-03-09 23:00:00,0.0011177051654706056
2020-03-10 23:00:00,0.0011263125568004564
2020-03-11 23:00:00,0.0011231164485393974
2020-03-12 23:00:00,0.00110770754726122
2020-03-13 23:00:00,0.0011239138732202782
2020-03-16 23:00:00,0.0011030122579462778
2020-03-17 23:00:00,0.0011095127555408356
2020-03-18 23:00:00,0.0010831090758613843
2020-03-19 23:00:00,0.0010906142726824113
2020-03-20 23:00:00,0.001088705340179558
2020-03-23 23:00:00,0.0010921108528587802
2020-03-24 23:00:00,0.0011131118427547327
2020-03-25 23:00:00,0.0011141061470372577
2020-03-26 23:00:00,0.0011366154353776175
2020-03-27 23:00:00,0.0011281179053272913
2020-03-30 23:00:00,0.0010947086660442118
2020-03-31 23:00:00,0.0011038794389845986
2020-04-01 23:00:00,0.0010912826435817496
2020-04-02 23:00:00,0.0010978849046884194
2020-04-03 23:00:00,0.0010908816761156322
2020-04-06 23:00:00,0.0011090808033046007
2020-04-07 23:00:00,0.0011099913178983236
2020-04-08 23:00:00,0.0011164884288243986
2020-04-09 23:00:00,0.0011278906337933946
2020-04-13 23:00:00,0.001112481732515217
2020-04-14 23:00:00,0.0011118858408936602
2020-04-15 23:00:00,0.0011073876951848936
2020-04-16 23:00:00,0.0011068793412075117
2020-04-17 23:00:00,0.0011087913899698015
2020-04-20 23:00:00,0.001103688186630008
2020-04-21 23:00:00,0.0010995913456331883
2020-04-22 23:00:00,0.0011007861189753368
2020-04-23 23:00:00,0.0010995913456331883
2020-04-24 23:00:00,0.0010988864936069141
2020-04-27 23:00:00,0.0010991845960818967
2020-04-28 23:00:00,0.0011175922579789242
2020-04-29 23:00:00,0.001132189363388609
2020-04-30 23:00:00,0.0011302718232075962
2020-05-01 23:00:00,0.0011290806049034936
2020-05-04 23:00:00,0.0011266766963363552
2020-05-05 23:00:00,0.0011309761858646706
2020-05-06 23:00:00,0.0011236711413411288
2020-05-07 23:00:00,0.001129582637043102
2020-05-08 23:00:00,0.0011405740623295732
2020-05-11 23:00:00,0.0011449743201025404
2020-05-12 23:00:00,0.0011470830695378274
2020-05-13 23:00:00,0.0011567764224737626
2020-05-14 23:00:00,0.0011494808756855185
2020-05-15 23:00:00,0.0011415832930285249
2020-05-18 23:00:00,0.0011513821399134164
2020-05-19 23:00:00,0.001154275087711357
2020-05-20 23:00:00,0.0011775806671394714
2020-05-21 23:00:00,0.0011772702890792835
2020-05-22 23:00:00,0.0011742830682126542
2020-05-26 23:00:00,0.0011716790568413028
2020-05-27 23:00:00,0.0011523797018363432
2020-05-28 23:00:00,0.0011689787631493065
2020-05-29 23:00:00,0.0011620823646651694
2020-06-01 23:00:00,0.0011784848788891375
2020-06-02 23:00:00,0.0012027848059926415
2020-06-03 23:00:00,0.0012030803380518864
2020-06-04 23:00:00,0.0012188905626309195
2020-06-05 23:00:00,0.0012223837425804742
2020-06-08 23:00:00,0.0012216903634890456
2020-06-09 23:00:00,0.0012217917874238358
2020-06-10 23:00:00,0.0012175959498281891
2020-06-11 23:00:00,0.0011880837672320409
2020-06-12 23:00:00,0.0011825898999590998
2020-06-15 23:00:00,0.0011971954825047313
2020-06-16 23:00:00,0.001197293120497317
2020-06-17 23:00:00,0.0011745948726966762
2020-06-18 23:00:00,0.0011474834787480342
2020-06-19 23:00:00,0.0011478893746501148
2020-06-22 23:00:00,0.0011444851887907794
2020-06-23 23:00:00,0.0011437827177070525
2020-06-24 23:00:00,0.0011417843510824525
2020-06-25 23:00:00,0.0011551808656780748
2020-06-26 23:00:00,0.0011412932184521776
2020-06-29 23:00:00,0.0011388879268330648
2020-06-30 23:00:00,0.0011465374324342447
2020-07-01 23:00:00,0.0011587362759300811
2020-07-02 23:00:00,0.0011744336857490965
2020-07-06 23:00:00,0.0011801419005367734
2020-07-07 23:00:00,0.0011950288117778404
2020-07-08 23:00:00,0.001198632570143618
2020-07-09 23:00:00,0.0011961367168123107
2020-07-10 23:00:00,0.0011862348016315207
2020-07-13 23:00:00,0.001199229808155289
2020-07-14 23:00:00,0.0011966351024995914
2020-07-15 23:00:00,0.00119533369382766
2020-07-16 23:00:00,0.0011954300028657813
2020-07-17 23:00:00,0.001199229808155289
2020-07-20 23:00:00,0.0012000377794147415
2020-07-21 23:00:00,0.0012228342979849398
2020-07-22 23:00:00,0.0012263286748927552
2020-07-23 23:00:00,0.0012308419949009467
2020-07-24 23:00:00,0.001222331853358699
2020-07-27 23:00:00,0.0012288434792625314
2020-07-28 23:00:00,0.001234430966685993
2020-07-29 23:00:00,0.0012513277631128234
2020-07-30 23:00:00,0.0012434300083945286
2020-07-31 23:00:00,0.0012539053364808892
2020-08-03 23:00:00,0.0012491058890068663
2020-08-04 23:00:00,0.0012292971643172947
2020-08-05 23:00:00,0.0012207957408304614
2020-08-06 23:00:00,0.0012292971643172947
2020-08-07 23:00:00,0.0012016969436432375
2020-08-10 23:00:00,0.0011787035301871571
2020-08-11 23:00:00,0.0011973012192511199
2020-08-12 23:00:00,0.0011968076141843633
2020-08-13 23:00:00,0.001197205652644717
2020-08-14 23:00:00,0.001188506425289165
2020-08-17 23:00:00,0.0011768969887366956
2020-08-18 23:00:00,0.001192698662602543
2020-08-19 23:00:00,0.0012100931033893509
2020-08-20 23:00:00,0.0012024031026127706
2020-08-21 23:00:00,0.0011958056699876702
2020-08-24 23:00:00,0.0012111016177411855
2020-08-25 23:00:00,0.0012079026504772002
2020-08-26 23:00:00,0.0012098980911871935
2020-08-27 23:00:00,0.0012086968330088574
2020-08-28 23:00:00,0.00121840370616074
2020-08-31 23:00:00,0.0012173836197645555
2020-09-01 23:00:00,0.0012262884767228765
2020-09-02 23:00:00,0.001227481746338315
2020-09-03 23:00:00,0.0012203881892083846
2020-09-04 23:00:00,0.0012259863064696403
2020-09-08 23:00:00,0.0012249800893053364
2020-09-09 23:00:00,0.001234874903713402
2020-09-10 23:00:00,0.0012267756031803588
2020-09-11 23:00:00,0.001227784614684129
2020-09-14 23:00:00,0.0012369881093096831
2020-09-15 23:00:00,0.0012406855751501313
2020-09-16 23:00:00,0.0012442831920239914
2020-09-17 23:00:00,0.0012411835882855124
2020-09-18 23:00:00,0.0012404796114316673
2020-09-21 23:00:00,0.0012212872991981373
2020-09-22 23:00:00,0.0012166884265722145
2020-09-23 23:00:00,0.001210678345631942
2020-09-24 23:00:00,0.0012092867919573295
2020-09-25 23:00:00,0.0011996783059814295
2020-09-28 23:00:00,0.0012035885974828026
2020-09-29 23:00:00,0.0012031835261192127
2020-09-30 23:00:00,0.0011992757187205805
2020-10-01 23:00:00,0.001192968435119677
2020-10-02 23:00:00,0.0011893646767538995
2020-10-05 23:00:00,0.0011764707271494305
2020-10-06 23:00:00,0.0011784700452818235
2020-10-07 23:00:00,0.0011806655971731107
2020-10-08 23:00:00,0.0011759679657437215
2020-10-09 23:00:00,0.0011791799960027495
2020-10-12 23:00:00,0.0011775719253415366
2020-10-13 23:00:00,0.0011747755219672195
2020-10-14 23:00:00,0.0011736792243469578
2020-10-15 23:00:00,0.0011671725159430465
2020-10-16 23:00:00,0.0011785646590173119
2020-10-19 23:00:00,0.001193678727290949
2020-10-20 23:00:00,0.001194470669989647
2020-10-21 23:00:00,0.001199666909190416
2020-10-22 23:00:00,0.001207871590757925
2020-10-23 23:00:00,0.0012103701742761798
2020-10-26 23:00:00,0.001211266067644323
2020-10-27 23:00:00,0.001217170162960999
2020-10-28 23:00:00,0.0012152796518181404
2020-10-29 23:00:00,0.0012165672762138528
2020-10-30 23:00:00,0.0012182433501067107
2020-11-02 23:00:00,0.0012270520269440314
2020-11-03 23:00:00,0.001245243480578309
2020-11-04 23:00:00,0.0012492480644033252
2020-11-05 23:00:00,0.0012477413145719546
2020-11-06 23:00:00,0.0012539479445493756
2020-11-09 23:00:00,0.0012471465679956115
2020-11-10 23:00:00,0.001248143946605708
2020-11-11 23:00:00,0.001250354026226796
2020-11-12 23:00:00,0.0012402413980315825
2020-11-13 23:00:00,0.0012293452940940867
2020-11-16 23:00:00,0.0012290560678802868
2020-11-17 23:00:00,0.0012351568771919472
2020-11-18 23:00:00,0.0012460459498929224
2020-11-19 23:00:00,0.001242546669549521
2020-11-20 23:00:00,0.0012347449497473832
2020-11-23 23:00:00,0.0012187454048178295
2020-11-24 23:00:00,0.0012169565245836993
2020-11-25 23:00:00,0.0012319541141645152
2020-11-27 23:00:00,0.0012270520269440314
2020-11-30 23:00:00,0.0012281381994408945
2020-12-01 23:00:00,0.001240250948729459
2020-12-02 23:00:00,0.0012450505535151306
2020-12-03 23:00:00,0.0012533526395972928
2020-12-04 23:00:00,0.0012661384948066668
2020-12-07 23:00:00,0.0012642428469512074
2020-12-08 23:00:00,0.0012644411879448431
2020-12-09 23:00:00,0.0012686380732074873
2020-12-10 23:00:00,0.0012829426920268115
2020-12-11 23:00:00,0.0012839442641983587
2020-12-14 23:00:00,0.0012809439590562135
2020-12-15 23:00:00,0.0012807407136718302
2020-12-16 23:00:00,0.0012854493887013284
2020-12-17 23:00:00,0.0013051507332081675
2020-12-18 23:00:00,0.0013004383664859892
2020-12-21 23:00:00,0.0012986534177045856
2020-12-22 23:00:00,0.0013033535713960335
2020-12-23 23:00:00,0.0013212441093391652
2020-12-24 23:00:00,0.0013202456537698176
2020-12-28 23:00:00,0.0013264551952114822
2020-12-29 23:00:00,0.0013214400521206564
2020-12-30 23:00:00,0.0013281151197504627
2020-12-31 23:00:00,0.0013304087512036216
2021-01-04 23:00:00,0.0013436025736343034
2021-01-05 23:00:00,0.0013532113557279785
2021-01-06 23:00:00,0.00136110827717125
2021-01-07 23:00:00,0.0013281151197504627
2021-01-08 23:00:00,0.0013297159187485314
2021-01-11 23:00:00,0.0013135994901666533
2021-01-12 23:00:00,0.0013018094875825838
2021-01-13 23:00:00,0.0012791134226753738
2021-01-14 23:00:00,0.0013001008708645994
2021-01-15 23:00:00,0.0012850045231435822
2021-01-19 23:00:00,0.0012776073210410874
2021-01-20 23:00:00,0.001308302708671989
2021-01-21 23:00:00,0.001316602837782775
2021-01-22 23:00:00,0.0013019995956621145
2021-01-25 23:00:00,0.0012879041138218787
2021-01-26 23:00:00,0.001286713045816164
2021-01-27 23:00:00,0.0012800150100089661
2021-01-28 23:00:00,0.0012788009069460665
2021-01-29 23:00:00,0.0012843556653702073
2021-02-01 23:00:00,0.001281745035582844
2021-02-02 23:00:00,0.0012843556653702073
2021-02-03 23:00:00,0.0012847453407249894
2021-02-04 23:00:00,0.0012794390020982721
2021-02-05 23:00:00,0.0012764436613875007
2021-02-08 23:00:00,0.0012820407737635794
2021-02-09 23:00:00,0.0012841516386571546
2021-02-10 23:00:00,0.0013028384231264538
2021-02-11 23:00:00,0.0012996441627122885
2021-02-12 23:00:00,0.0013093485469422613
2021-02-16 23:00:00,0.0013132454842868827
2021-02-17 23:00:00,0.0013231431724917981
2021-02-18 23:00:00,0.0013295495807053178
2021-02-19 23:00:00,0.001334557487939451
2021-02-22 23:00:00,0.0013370548176217401
2021-02-23 23:00:00,0.0013392397092348654
2021-02-24 23:00:00,0.0013481488208922875
2021-02-25 23:00:00,0.0013184496035458097
2021-02-26 23:00:00,0.0013114100422656036
2021-03-01 23:00:00,0.0013174098029425786
2021-03-02 23:00:00,0.0013060075485827206
2021-03-03 23:00:00,0.0013101027521619615
2021-03-04 23:00:00,0.0013017122384417822
2021-03-05 23:00:00,0.0012993044335972536
2021-03-08 23:00:00,0.0012937005836172314
2021-03-09 23:00:00,0.0012948102656789614
2021-03-10 23:00:00,0.0013150036360638222
2021-03-11 23:00:00,0.0013359036965129704
2021-03-12 23:00:00,0.0013159001948738664
2021-03-15 23:00:00,0.0013170081929010796
2021-03-16 23:00:00,0.0013096107936993806
2021-03-17 23:00:00,0.0013070997299544087
2021-03-18 23:00:00,0.0013253945189478351
2021-03-19 23:00:00,0.0013340986984339324
2021-03-22 23:00:00,0.0013285948380915734
2021-03-23 23:00:00,0.0013166068160213485
2021-03-24 23:00:00,0.0013087979417300125
2021-03-25 23:00:00,0.0013134992730479346
2021-03-26 23:00:00,0.0012998076908290349
2021-03-29 23:00:00,0.001297796885151431
2021-03-30 23:00:00,0.001305800606757808
2021-03-31 23:00:00,0.001319690007167832
2021-04-01 23:00:00,0.0013244787947912253
2021-04-05 23:00:00,0.00131599020326584
2021-04-06 23:00:00,0.0013229823978643301
2021-04-07 23:00:00,0.0013297905976326642
2021-04-08 23:00:00,0.0013418913564923493
2021-04-09 23:00:00,0.0013334856987936305
2021-04-12 23:00:00,0.0013334856987936305
2021-04-13 23:00:00,0.0013429890944680095
2021-04-14 23:00:00,0.0013406758580160815
2021-04-15 23:00:00,0.0013586815177244116
2021-04-16 23:00:00,0.0013490875095935914
2021-04-19 23:00:00,0.0013547715260655618
2021-04-20 23:00:00,0.001364175227963362
2021-04-21 23:00:00,0.0013635787220653607
2021-04-22 23:00:00,0.0013454903115422288
2021-04-23 23:00:00,0.0013331901610442243
2021-04-26 23:00:00,0.001350075406414799
2021-04-27 23:00:00,0.0013562759652018216
2021-04-28 23:00:00,0.0013625719592615575
2021-04-29 23:00:00,0.0013443886861746381
2021-04-30 23:00:00,0.0013479400511291779
2021-05-03 23:00:00,0.0013607432344795018
2021-05-04 23:00:00,0.0013636470625867387
2021-05-05 23:00:00,0.0013608438630132935
2021-05-06 23:00:00,0.0013712447801764685
2021-05-07 23:00:00,0.001379440422187991
2021-05-10 23:00:00,0.0013809500585328293
2021-05-11 23:00:00,0.0013652451905963926
2021-05-12 23:00:00,0.001356449673138918
2021-05-13 23:00:00,0.001355150695259407
2021-05-14 23:00:00,0.0013653464588595425
2021-05-17 23:00:00,0.0013389466543936705
2021-05-18 23:00:00,0.0013455331338718375
2021-05-19 23:00:00,0.0013467355613750586
2021-05-20 23:00:00,0.001334434812195681
2021-05-21 23:00:00,0.0013338341433435511
2021-05-24 23:00:00,0.0013118366894992724
2021-05-25 23:00:00,0.0013043362188993168
2021-05-26 23:00:00,0.0013118366894992724
2021-05-27 23:00:00,0.0013173367883896382
2021-05-28 23:00:00,0.0013241406350449954
2021-06-01 23:00:00,0.0013192523486144788
2021-06-02 23:00:00,0.0013343513279433462
2021-06-03 23:00:00,0.0013309503119603536
2021-06-04 23:00:00,0.0013351460043106902
2021-06-07 23:00:00,0.0013397379423443947
2021-06-08 23:00:00,0.0013357474598934234
2021-06-09 23:00:00,0.001330352990281396
2021-06-10 23:00:00,0.0013295445351477774
2021-06-11 23:00:00,0.0013267415044483206
2021-06-14 23:00:00,0.0013320499560769338
2021-06-15 23:00:00,0.0013174352360434953
2021-06-16 23:00:00,0.001316736170578204
2021-06-17 23:00:00,0.0012966396495930168
2021-06-18 23:00:00,0.0012779422588337882
2021-06-21 23:00:00,0.001279942535140527
2021-06-22 23:00:00,0.0012878410213119176
2021-06-23 23:00:00,0.0013020519105289411
2021-06-24 23:00:00,0.0013042363653262927
2021-06-25 23:00:00,0.0013064464534334756
2021-06-28 23:00:00,0.0013050527057040975
2021-06-29 23:00:00,0.0012996349903037887
2021-06-30 23:00:00,0.0013025696212683785
2021-07-01 23:00:00,0.0012876728869969786
2021-07-02 23:00:00,0.0013045733667361985
2021-07-06 23:00:00,0.0012787615694704454
2021-07-07 23:00:00,0.0012755680689660238
2021-07-08 23:00:00,0.0012721772567113351
2021-07-09 23:00:00,0.0012751766238846163
2021-07-12 23:00:00,0.0012851766020943415
2021-07-13 23:00:00,0.0012748743008925785
2021-07-14 23:00:00,0.0012797637955369535
2021-07-15 23:00:00,0.0012612708266684575
2021-07-16 23:00:00,0.0012611663224672822
2021-07-19 23:00:00,0.001256463409186912
2021-07-20 23:00:00,0.001260174357349927
2021-07-21 23:00:00,0.0012701616227385152
2021-07-22 23:00:00,0.0012665698977087404
2021-07-23 23:00:00,0.0012543743913663295
2021-07-26 23:00:00,0.0012581775567121153
2021-07-27 23:00:00,0.0012467654368403776
2021-07-28 23:00:00,0.0012486764828073672
2021-07-29 23:00:00,0.0012568612473648347
2021-07-30 23:00:00,0.0012598092723223266
2021-08-02 23:00:00,0.0012527192713762806
2021-08-03 23:00:00,0.001233503551578394
2021-08-04 23:00:00,0.0012378171238125733
2021-08-05 23:00:00,0.001230418887640988
2021-08-06 23:00:00,0.0012162119380184251
2021-08-09 23:00:00,0.0012223083373079345
2021-08-10 23:00:00,0.0012297116715196171
2021-08-11 23:00:00,0.0012397175991686552
2021-08-12 23:00:00,0.00123951728551637
2021-08-13 23:00:00,0.00123590563357425
2021-08-16 23:00:00,0.0012171138136854375
2021-08-17 23:00:00,0.001210811522553599
2021-08-18 23:00:00,0.0012185174883589766
2021-08-19 23:00:00,0.001215118524513291
2021-08-20 23:00:00,0.0012182106738563706
2021-08-23 23:00:00,0.0012232189050366696
2021-08-24 23:00:00,0.0012241144797886087
2021-08-25 23:00:00,0.0012233165430292551
2021-08-26 23:00:00,0.0012191153946641974
2021-08-27 23:00:00,0.0012230074073164062
2021-08-30 23:00:00,0.0012266124336484793
2021-08-31 23:00:00,0.0012297116715196171
2021-09-01 23:00:00,0.0012371126917993908
2021-09-02 23:00:00,0.0012427109219246533
2021-09-03 23:00:00,0.0012398973258026895
2021-09-07 23:00:00,0.001219012644742108
2021-09-08 23:00:00,0.0012078135077124195
2021-09-09 23:00:00,0.0011988039994948554
2021-09-10 23:00:00,0.0012071060049326052
2021-09-13 23:00:00,0.0012129990561655266
2021-09-14 23:00:00,0.0012155996193574045
2021-09-15 23:00:00,0.0012219996579228912
2021-09-16 23:00:00,0.0012163003323346516
2021-09-17 23:00:00,0.0012134046953041063
2021-09-20 23:00:00,0.0012070095884285338
2021-09-21 23:00:00,0.0012125126300377386
2021-09-22 23:00:00,0.001206704366231539
2021-09-23 23:00:00,0.0012125126300377386
2021-09-24 23:00:00,0.00119940699998451
2021-09-27 23:00:00,0.0011974097907562935
2021-09-28 23:00:00,0.0011877049323336724
2021-09-29 23:00:00,0.0011724057523132502
2021-09-30 23:00:00,0.0011838214245985387
2021-10-01 23:00:00,0.001195628388601868
2021-10-04 23:00:00,0.001191826203309325
2021-10-05 23:00:00,0.0011831249798638821
2021-10-06 23:00:00,0.0011754261218545575
2021-10-07 23:00:00,0.0011797147333393939
2021-10-08 23:00:00,0.0011623287225532796
2021-10-11 23:00:00,0.0011634265354961313
2021-10-12 23:00:00,0.0011657163831037295
2021-10-13 23:00:00,0.0011763233431678665
2021-10-14 23:00:00,0.0011635290997434118
2021-10-15 23:00:00,0.0011643208942699874
2021-10-18 23:00:00,0.0011732185929329052
2021-10-19 23:00:00,0.0011832157757808177
2021-10-20 23:00:00,0.0011812213568177948
2021-10-21 23:00:00,0.001176817376525057
2021-10-22 23:00:00,0.001177926660880183
2021-10-25 23:00:00,0.0011871174902701946
2021-10-26 23:00:00,0.0011943173131215862
2021-10-27 23:00:00,0.0011950264926425605
2021-10-28 23:00:00,0.001193916830651544
2021-10-29 23:00:00,0.0011862043712362366
2021-11-01 23:00:00,0.0011919967668783955
2021-11-02 23:00:00,0.0011891987736160116
2021-11-03 23:00:00,0.001186697438853606
2021-11-04 23:00:00,0.0011890937217507187
2021-11-05 23:00:00,0.0011921023172679465
2021-11-08 23:00:00,0.0012074933948732144
2021-11-09 23:00:00,0.0012244019048142235
2021-11-10 23:00:00,0.001219591708895102
2021-11-11 23:00:00,0.001221691644001581
2021-11-12 23:00:00,0.0012111994193361858
2021-11-15 23:00:00,0.0012166039379986322
2021-11-16 23:00:00,0.0011940053321012384
2021-11-17 23:00:00,0.0011685989400235922
2021-11-18 23:00:00,0.0011644926571217512
2021-11-19 23:00:00,0.001170298795296607
2021-11-22 23:00:00,0.0011950045052117628
2021-11-23 23:00:00,0.001194096098985099
2021-11-24 23:00:00,0.0011916952942933481
2021-11-26 23:00:00,
2021-11-29 23:00:00,
2021-11-30 23:00:00,
2021-12-01 23:00:00,
2021-12-02 23:00:00,
2021-12-03 23:00:00,
2021-12-06 23:00:00,
2021-12-07 23:00:00,
2021-12-08 23:00:00,
2021-12-09 23:00:00,
2021-12-10 23:00:00,
2021-12-13 23:00:00,
2021-12-14 23:00:00,
2021-12-15 23:00:00,
2021-12-15 23:00:01,0.00114
2021-12-15 23:00:02,0.00114
2021-12-15 23:00:03,0.00114
2021-12-16 23:00:00,0.001146
2021-12-17 23:00:00,0.0011539999999999999
2021-12-20 23:00:00,0.001109
2021-12-21 23:00:00,0.001115
2021-12-22 23:00:00,0.001127
2021-12-23 23:00:00,0.0011300000000000001
2021-12-27 23:00:00,0.001134
2021-12-28 23:00:00,0.001137
2021-12-29 23:00:00,0.001146
2021-12-30 23:00:00,0.001142
2021-12-31 23:00:00,0.001141
2022-01-03 23:00:00,0.001142
2022-01-04 23:00:00,0.0011480000000000001
2022-01-05 23:00:00,0.001163
2022-01-06 23:00:00,0.001164
2022-01-07 23:00:00,0.001176
2022-01-10 23:00:00,0.001166
2022-01-11 23:00:00,0.001177
2022-01-12 23:00:00,0.001184
2022-01-13 23:00:00,0.001193
2022-01-13 23:00:01,0.001193
2022-01-14 23:00:00,0.00119
2022-01-18 23:00:00,0.001192
2022-01-19 23:00:00,0.001206
2022-01-20 23:00:00,0.001218
2022-01-21 23:00:00,0.001224
2022-01-24 23:00:00,0.001209
2022-01-25 23:00:00,0.001221
2022-01-26 23:00:00,0.001218
2022-01-27 23:00:00,0.0012109999999999998
2022-01-28 23:00:00,0.001201
2022-01-31 23:00:00,0.001221
2022-02-01 23:00:00,0.001217
2022-02-02 23:00:00,0.001205
2022-02-03 23:00:00,0.0011949999999999999
2022-02-04 23:00:00,0.00118
2022-02-07 23:00:00,0.0011840000000000002
2022-02-08 23:00:00,0.001181
2022-02-09 23:00:00,0.0012029999999999999
2022-02-10 23:00:00,0.0012150000000000002
2022-02-11 23:00:00,0.00121
2022-02-14 23:00:00,0.001204
2022-02-15 23:00:00,0.001221
2022-02-16 23:00:00,0.001225
2022-02-17 23:00:00,0.001232
2022-02-18 23:00:00,0.001223
2022-02-22 15:00:00,
2022-02-22 16:00:00,
2022-02-22 17:00:00,
2022-02-22 18:00:00,
2022-02-22 19:00:00,
2022-02-22 20:00:00,
2022-02-22 21:00:00,
2022-02-22 23:00:00,0.001236
2022-02-23 23:00:00,0.001241
2022-02-24 23:00:00,0.001196
2022-02-25 23:00:00,0.001222
2022-02-28 23:00:00,0.001218
2022-03-01 23:00:00,
2022-03-01 23:00:01,0.0012150000000000002
2022-03-01 23:00:02,0.0012150000000000002
2022-03-02 23:00:00,0.001218
2022-03-03 23:00:00,0.001232
2022-03-04 23:00:00,0.001217
2022-03-07 23:00:00,0.0012070000000000002
2022-03-08 23:00:00,0.0012109999999999998
2022-03-09 23:00:00,0.0012200000000000002
2022-03-10 23:00:00,0.001222
2022-03-11 23:00:00,0.001221
2022-03-14 23:00:00,0.0012070000000000002
2022-03-15 23:00:00,0.00121
2022-03-16 23:00:00,0.001231
2022-03-17 23:00:00,0.0012289999999999998
2022-03-18 23:00:00,0.0012259999999999999
2022-03-21 23:00:00,0.0012369999999999998
2022-03-22 23:00:00,0.001239
2022-03-22 23:00:01,0.001239
2022-03-22 23:00:02,0.001239
2022-03-23 23:00:00,0.0012400000000000002
2022-03-24 23:00:00,0.0012470000000000005
2022-03-25 23:00:00,0.0012660000000000002
2022-03-28 23:00:00,0.001264
2022-03-29 23:00:00,0.0012620000000000005
2022-03-30 23:00:00,0.0012490000000000005
2022-03-31 23:00:00,0.001254
2022-04-01 23:00:00,0.001259
2022-04-04 23:00:00,0.0012660000000000002
2022-04-05 23:00:00,0.0012520000000000005
2022-04-06 23:00:00,0.0012310000000000005
2022-04-07 23:00:00,0.0012240000000000005
2022-04-08 23:00:00,0.001205
2022-04-11 23:00:00,0.0012080000000000005
2022-04-12 23:00:00,0.0012290000000000005
2022-04-13 23:00:00,0.0012270000000000002
2022-04-14 23:00:00,0.0012120000000000002
2022-04-18 23:00:00,0.00121
2022-04-19 23:00:00,0.0012070000000000002
2022-04-19 23:00:01,0.0012070000000000002
2022-04-20 23:00:00,0.001214
2022-04-21 23:00:00,0.001198
2022-04-22 23:00:00,0.001182
2022-04-25 23:00:00,0.001169
2022-04-26 23:00:00,0.001173
2022-04-27 23:00:00,0.001168
2022-04-28 23:00:00,0.0011530000000000002
2022-04-29 23:00:00,0.001164
2022-05-02 23:00:00,0.001151
2022-05-03 23:00:00,0.001156
2022-05-04 23:00:00,0.001146
2022-05-05 23:00:00,0.001149
2022-05-06 23:00:00,0.001157
2022-05-09 23:00:00,0.0011400000000000002
2022-05-10 23:00:00,0.001143
2022-05-11 23:00:00,0.001149
2022-05-12 23:00:00,0.001145
2022-05-13 23:00:00,0.0011530000000000002
2022-05-16 23:00:00,0.001156
2022-05-17 23:00:00,0.0011660000000000002
2022-05-18 23:00:00,0.0011619999999999998
2022-05-19 23:00:00,0.0011840000000000002
2022-05-20 23:00:00,0.0011840000000000002
2022-05-23 23:00:00,0.0011949999999999999
2022-05-23 23:00:01,0.0011949999999999999
2022-05-24 23:00:00,0.001191
2022-05-25 23:00:00,0.00119
2022-05-26 23:00:00,0.001202
2022-05-27 23:00:00,0.0012029999999999999
